카테고리,경상남도 고성군,경상남도 고성군 고성읍,경상남도 고성군 삼산면,경상남도 고성군 하일면,경상남도 고성군 하이면,경상남도 고성군 상리면,경상남도 고성군 대가면,경상남도 고성군 영현면,경상남도 고성군 영오면,경상남도 고성군 개천면,경상남도 고성군 구만면,경상남도 고성군 회화면,경상남도 고성군 마암면,경상남도 고성군 동해면,경상남도 고성군 거류면
2020년03월_계_총인구수,"51,946","24,776","1,782","1,864","2,809","1,613","1,663",881,"1,447","1,150","1,008","3,624","1,790","3,151","4,388"
2020년03월_계_연령구간인구수,"51,946","24,776","1,782","1,864","2,809","1,613","1,663",881,"1,447","1,150","1,008","3,624","1,790","3,151","4,388"
2020년03월_계_0~9세,"2,835","2,074",51,29,114,25,27,20,31,34,27,155,22,66,160
2020년03월_계_10~19세,"4,122","2,638",85,90,188,72,63,36,74,71,37,271,53,150,294
2020년03월_계_20~29세,"4,005","2,279",85,96,251,93,90,46,96,75,49,289,92,181,283
2020년03월_계_30~39세,"4,226","2,610",96,97,192,74,82,36,87,48,42,261,86,184,331
2020년03월_계_40~49세,"6,643","3,874",176,154,342,141,136,58,139,81,74,415,179,302,572
2020년03월_계_50~59세,"9,298","4,327",317,300,510,297,303,131,284,192,190,655,365,594,833
2020년03월_계_60~69세,"9,286","3,567",441,449,561,340,374,188,279,255,221,768,374,692,777
2020년03월_계_70~79세,"6,803","2,169",329,375,396,306,316,211,234,186,199,492,359,581,650
2020년03월_계_80~89세,"4,106","1,079",175,239,213,232,235,134,196,174,145,277,227,343,437
2020년03월_계_90~99세,608,150,27,35,42,33,37,21,26,33,23,41,33,57,50
2020년03월_계_100세 이상,14,9,0,0,0,0,0,0,1,1,1,0,0,1,1
2020년03월_남_총인구수,"26,058","12,395",920,920,"1,475",786,843,386,704,561,508,"1,776",902,"1,615","2,267"
2020년03월_남_연령구간인구수,"26,058","12,395",920,920,"1,475",786,843,386,704,561,508,"1,776",902,"1,615","2,267"
2020년03월_남_0~9세,"1,440","1,053",30,18,61,16,13,10,10,18,10,69,10,33,89
2020년03월_남_10~19세,"2,234","1,445",52,45,98,37,31,17,36,39,23,138,29,82,162
2020년03월_남_20~29세,"2,368","1,315",51,59,161,60,55,23,64,45,32,163,53,107,180
2020년03월_남_30~39세,"2,305","1,339",63,63,108,36,51,18,54,30,30,134,57,125,197
2020년03월_남_40~49세,"3,725","2,029",113,102,203,82,84,33,87,51,44,227,109,202,359
2020년03월_남_50~59세,"5,009","2,215",174,170,289,150,180,68,157,104,117,344,218,339,484
2020년03월_남_60~69세,"4,640","1,719",233,209,292,189,197,86,146,133,121,398,194,356,367
2020년03월_남_70~79세,"2,970",915,148,165,183,130,159,91,93,77,82,221,160,265,281
2020년03월_남_80~89세,"1,249",338,51,83,69,78,60,37,54,56,44,76,69,94,140
2020년03월_남_90~99세,114,24,5,6,11,8,13,3,3,8,4,6,3,12,8
2020년03월_남_100세 이상,4,3,0,0,0,0,0,0,0,0,1,0,0,0,0
2020년03월_여_총인구수,"25,888","12,381",862,944,"1,334",827,820,495,743,589,500,"1,848",888,"1,536","2,121"
2020년03월_여_연령구간인구수,"25,888","12,381",862,944,"1,334",827,820,495,743,589,500,"1,848",888,"1,536","2,121"
2020년03월_여_0~9세,"1,395","1,021",21,11,53,9,14,10,21,16,17,86,12,33,71
2020년03월_여_10~19세,"1,888","1,193",33,45,90,35,32,19,38,32,14,133,24,68,132
2020년03월_여_20~29세,"1,637",964,34,37,90,33,35,23,32,30,17,126,39,74,103
2020년03월_여_30~39세,"1,921","1,271",33,34,84,38,31,18,33,18,12,127,29,59,134
2020년03월_여_40~49세,"2,918","1,845",63,52,139,59,52,25,52,30,30,188,70,100,213
2020년03월_여_50~59세,"4,289","2,112",143,130,221,147,123,63,127,88,73,311,147,255,349
2020년03월_여_60~69세,"4,646","1,848",208,240,269,151,177,102,133,122,100,370,180,336,410
2020년03월_여_70~79세,"3,833","1,254",181,210,213,176,157,120,141,109,117,271,199,316,369
2020년03월_여_80~89세,"2,857",741,124,156,144,154,175,97,142,118,101,201,158,249,297
2020년03월_여_90~99세,494,126,22,29,31,25,24,18,23,25,19,35,30,45,42
2020년03월_여_100세 이상,10,6,0,0,0,0,0,0,1,1,0,0,0,1,1
2020년04월_계_총인구수,"51,918","24,783","1,783","1,864","2,803","1,617","1,664",882,"1,443","1,145","1,011","3,623","1,792","3,137","4,371"
2020년04월_계_연령구간인구수,"51,918","24,783","1,783","1,864","2,803","1,617","1,664",882,"1,443","1,145","1,011","3,623","1,792","3,137","4,371"
2020년04월_계_0~9세,"2,806","2,053",51,29,113,26,27,20,31,33,28,152,22,66,155
2020년04월_계_10~19세,"4,113","2,635",87,91,185,72,61,35,72,71,36,268,53,147,300
2020년04월_계_20~29세,"4,006","2,285",83,97,257,91,91,47,97,73,52,286,90,181,276
2020년04월_계_30~39세,"4,210","2,612",98,97,190,74,81,35,86,47,40,259,85,180,326
2020년04월_계_40~49세,"6,613","3,855",178,153,341,140,131,56,135,79,74,424,179,302,566
2020년04월_계_50~59세,"9,255","4,326",312,301,499,299,304,129,277,191,190,645,367,587,828
2020년04월_계_60~69세,"9,353","3,602",442,448,566,338,377,193,287,254,220,778,374,695,779
2020년04월_계_70~79세,"6,808","2,172",329,373,397,313,318,211,234,187,201,491,360,576,646
2020년04월_계_80~89세,"4,133","1,086",176,240,215,231,237,133,194,176,145,279,230,347,444
2020년04월_계_90~99세,607,148,27,35,40,33,37,23,29,33,24,41,32,55,50
2020년04월_계_100세 이상,14,9,0,0,0,0,0,0,1,1,1,0,0,1,1
2020년04월_남_총인구수,"26,053","12,408",921,919,"1,475",790,844,387,702,560,511,"1,776",903,"1,606","2,251"
2020년04월_남_연령구간인구수,"26,053","12,408",921,919,"1,475",790,844,387,702,560,511,"1,776",903,"1,606","2,251"
2020년04월_남_0~9세,"1,421","1,038",30,18,60,16,13,10,10,18,11,69,10,32,86
2020년04월_남_10~19세,"2,235","1,447",52,46,96,37,30,17,35,39,22,138,29,82,165
2020년04월_남_20~29세,"2,365","1,321",50,60,167,59,55,24,64,44,35,158,51,104,173
2020년04월_남_30~39세,"2,298","1,339",65,61,106,37,51,18,53,29,28,134,57,123,197
2020년04월_남_40~49세,"3,706","2,018",114,101,205,81,81,32,85,49,45,231,108,201,355
2020년04월_남_50~59세,"4,989","2,220",169,171,282,151,182,66,156,104,117,340,219,337,475
2020년04월_남_60~69세,"4,684","1,739",236,208,295,188,197,89,148,134,121,403,198,358,370
2020년04월_남_70~79세,"2,976",917,149,164,184,135,159,90,93,78,83,221,158,264,281
2020년04월_남_80~89세,"1,262",342,52,84,69,78,63,38,55,57,44,76,70,93,141
2020년04월_남_90~99세,113,24,4,6,11,8,13,3,3,8,4,6,3,12,8
2020년04월_남_100세 이상,4,3,0,0,0,0,0,0,0,0,1,0,0,0,0
2020년04월_여_총인구수,"25,865","12,375",862,945,"1,328",827,820,495,741,585,500,"1,847",889,"1,531","2,120"
2020년04월_여_연령구간인구수,"25,865","12,375",862,945,"1,328",827,820,495,741,585,500,"1,847",889,"1,531","2,120"
2020년04월_여_0~9세,"1,385","1,015",21,11,53,10,14,10,21,15,17,83,12,34,69
2020년04월_여_10~19세,"1,878","1,188",35,45,89,35,31,18,37,32,14,130,24,65,135
2020년04월_여_20~29세,"1,641",964,33,37,90,32,36,23,33,29,17,128,39,77,103
2020년04월_여_30~39세,"1,912","1,273",33,36,84,37,30,17,33,18,12,125,28,57,129
2020년04월_여_40~49세,"2,907","1,837",64,52,136,59,50,24,50,30,29,193,71,101,211
2020년04월_여_50~59세,"4,266","2,106",143,130,217,148,122,63,121,87,73,305,148,250,353
2020년04월_여_60~69세,"4,669","1,863",206,240,271,150,180,104,139,120,99,375,176,337,409
2020년04월_여_70~79세,"3,832","1,255",180,209,213,178,159,121,141,109,118,270,202,312,365
2020년04월_여_80~89세,"2,871",744,124,156,146,153,174,95,139,119,101,203,160,254,303
2020년04월_여_90~99세,494,124,23,29,29,25,24,20,26,25,20,35,29,43,42
2020년04월_여_100세 이상,10,6,0,0,0,0,0,0,1,1,0,0,0,1,1
2020년05월_계_총인구수,"51,876","24,719","1,784","1,864","2,810","1,615","1,666",882,"1,444","1,141","1,009","3,634","1,793","3,142","4,373"
2020년05월_계_연령구간인구수,"51,876","24,719","1,784","1,864","2,810","1,615","1,666",882,"1,444","1,141","1,009","3,634","1,793","3,142","4,373"
2020년05월_계_0~9세,"2,780","2,030",47,29,111,27,27,20,31,32,28,153,21,65,159
2020년05월_계_10~19세,"4,111","2,642",88,89,186,70,60,35,67,72,36,271,52,147,296
2020년05월_계_20~29세,"4,005","2,281",86,98,258,90,90,47,98,72,52,287,90,178,278
2020년05월_계_30~39세,"4,174","2,580",96,96,192,72,81,37,84,46,39,262,82,183,324
2020년05월_계_40~49세,"6,578","3,827",180,154,336,140,131,56,136,78,74,425,178,305,558
2020년05월_계_50~59세,"9,244","4,322",309,301,504,296,307,129,274,190,187,642,369,582,832
2020년05월_계_60~69세,"9,385","3,616",442,446,563,341,379,191,291,253,221,775,378,702,787
2020년05월_계_70~79세,"6,824","2,180",329,377,399,310,318,210,234,187,201,495,359,577,648
2020년05월_계_80~89세,"4,146","1,080",180,239,219,236,236,134,198,176,145,282,231,350,440
2020년05월_계_90~99세,613,152,27,35,42,33,37,23,30,34,24,42,32,52,50
2020년05월_계_100세 이상,16,9,0,0,0,0,0,0,1,1,2,0,1,1,1
2020년05월_남_총인구수,"26,048","12,389",923,913,"1,485",790,848,389,702,558,509,"1,782",906,"1,607","2,247"
2020년05월_남_연령구간인구수,"26,048","12,389",923,913,"1,485",790,848,389,702,558,509,"1,782",906,"1,607","2,247"
2020년05월_남_0~9세,"1,407","1,028",28,18,58,16,13,10,10,17,11,70,10,31,87
2020년05월_남_10~19세,"2,240","1,460",52,45,96,37,30,17,32,40,22,139,28,82,160
2020년05월_남_20~29세,"2,369","1,316",53,61,170,57,55,24,65,44,35,161,52,102,174
2020년05월_남_30~39세,"2,287","1,326",66,60,110,36,51,19,51,29,27,135,56,125,196
2020년05월_남_40~49세,"3,688","2,013",113,100,202,82,80,32,87,48,45,228,107,203,348
2020년05월_남_50~59세,"4,997","2,214",171,170,290,151,186,66,155,103,115,341,221,334,480
2020년05월_남_60~69세,"4,695","1,744",233,206,290,189,200,90,150,133,123,401,201,361,374
2020년05월_남_70~79세,"2,983",922,151,165,184,134,157,90,93,79,82,224,157,265,280
2020년05월_남_80~89세,"1,265",339,52,82,74,80,63,38,56,57,43,77,71,94,139
2020년05월_남_90~99세,113,24,4,6,11,8,13,3,3,8,5,6,3,10,9
2020년05월_남_100세 이상,4,3,0,0,0,0,0,0,0,0,1,0,0,0,0
2020년05월_여_총인구수,"25,828","12,330",861,951,"1,325",825,818,493,742,583,500,"1,852",887,"1,535","2,126"
2020년05월_여_연령구간인구수,"25,828","12,330",861,951,"1,325",825,818,493,742,583,500,"1,852",887,"1,535","2,126"
2020년05월_여_0~9세,"1,373","1,002",19,11,53,11,14,10,21,15,17,83,11,34,72
2020년05월_여_10~19세,"1,871","1,182",36,44,90,33,30,18,35,32,14,132,24,65,136
2020년05월_여_20~29세,"1,636",965,33,37,88,33,35,23,33,28,17,126,38,76,104
2020년05월_여_30~39세,"1,887","1,254",30,36,82,36,30,18,33,17,12,127,26,58,128
2020년05월_여_40~49세,"2,890","1,814",67,54,134,58,51,24,49,30,29,197,71,102,210
2020년05월_여_50~59세,"4,247","2,108",138,131,214,145,121,63,119,87,72,301,148,248,352
2020년05월_여_60~69세,"4,690","1,872",209,240,273,152,179,101,141,120,98,374,177,341,413
2020년05월_여_70~79세,"3,841","1,258",178,212,215,176,161,120,141,108,119,271,202,312,368
2020년05월_여_80~89세,"2,881",741,128,157,145,156,173,96,142,119,102,205,160,256,301
2020년05월_여_90~99세,500,128,23,29,31,25,24,20,27,26,19,36,29,42,41
2020년05월_여_100세 이상,12,6,0,0,0,0,0,0,1,1,1,0,1,1,1
2020년06월_계_총인구수,"51,811","24,682","1,795","1,865","2,795","1,620","1,669",884,"1,439","1,137","1,010","3,635","1,788","3,124","4,368"
2020년06월_계_연령구간인구수,"51,811","24,682","1,795","1,865","2,795","1,620","1,669",884,"1,439","1,137","1,010","3,635","1,788","3,124","4,368"
2020년06월_계_0~9세,"2,755","2,005",49,30,108,28,27,20,33,31,28,156,22,65,153
2020년06월_계_10~19세,"4,128","2,667",89,90,186,70,64,34,64,70,32,270,51,146,295
2020년06월_계_20~29세,"3,991","2,268",84,99,255,91,87,48,101,71,54,287,92,174,280
2020년06월_계_30~39세,"4,123","2,548",98,94,188,74,83,37,84,46,39,258,79,175,320
2020년06월_계_40~49세,"6,572","3,829",183,154,333,140,129,55,132,80,74,424,175,305,559
2020년06월_계_50~59세,"9,217","4,311",310,300,504,292,308,131,270,191,183,643,365,576,833
2020년06월_계_60~69세,"9,435","3,630",446,447,566,345,379,195,294,251,227,778,380,709,788
2020년06월_계_70~79세,"6,812","2,181",326,377,395,311,320,207,233,186,204,497,354,574,647
2020년06월_계_80~89세,"4,149","1,083",183,237,219,237,234,136,198,176,143,281,236,346,440
2020년06월_계_90~99세,613,151,27,37,41,32,38,21,29,34,24,41,33,53,52
2020년06월_계_100세 이상,16,9,0,0,0,0,0,0,1,1,2,0,1,1,1
2020년06월_남_총인구수,"26,011","12,375",922,918,"1,470",791,848,391,697,554,509,"1,787",898,"1,605","2,246"
2020년06월_남_연령구간인구수,"26,011","12,375",922,918,"1,470",791,848,391,697,554,509,"1,787",898,"1,605","2,246"
2020년06월_남_0~9세,"1,391","1,016",27,19,54,15,14,10,10,16,11,73,11,31,84
2020년06월_남_10~19세,"2,254","1,479",52,47,95,38,31,16,30,38,18,141,28,82,159
2020년06월_남_20~29세,"2,353","1,303",52,61,168,58,52,25,66,43,37,160,51,103,174
2020년06월_남_30~39세,"2,263","1,309",67,59,107,37,52,20,52,29,28,133,54,120,196
2020년06월_남_40~49세,"3,680","2,014",112,100,199,83,78,32,84,50,44,229,105,203,347
2020년06월_남_50~59세,"4,989","2,216",173,173,289,148,186,67,152,103,111,339,217,333,482
2020년06월_남_60~69세,"4,713","1,749",231,205,290,191,199,92,151,131,130,402,201,365,376
2020년06월_남_70~79세,"2,985",924,150,166,184,134,159,88,93,79,83,226,155,264,280
2020년06월_남_80~89세,"1,266",338,54,80,73,80,64,39,56,57,41,78,73,94,139
2020년06월_남_90~99세,113,24,4,8,11,7,13,2,3,8,5,6,3,10,9
2020년06월_남_100세 이상,4,3,0,0,0,0,0,0,0,0,1,0,0,0,0
2020년06월_여_총인구수,"25,800","12,307",873,947,"1,325",829,821,493,742,583,501,"1,848",890,"1,519","2,122"
2020년06월_여_연령구간인구수,"25,800","12,307",873,947,"1,325",829,821,493,742,583,501,"1,848",890,"1,519","2,122"
2020년06월_여_0~9세,"1,364",989,22,11,54,13,13,10,23,15,17,83,11,34,69
2020년06월_여_10~19세,"1,874","1,188",37,43,91,32,33,18,34,32,14,129,23,64,136
2020년06월_여_20~29세,"1,638",965,32,38,87,33,35,23,35,28,17,127,41,71,106
2020년06월_여_30~39세,"1,860","1,239",31,35,81,37,31,17,32,17,11,125,25,55,124
2020년06월_여_40~49세,"2,892","1,815",71,54,134,57,51,23,48,30,30,195,70,102,212
2020년06월_여_50~59세,"4,228","2,095",137,127,215,144,122,64,118,88,72,304,148,243,351
2020년06월_여_60~69세,"4,722","1,881",215,242,276,154,180,103,143,120,97,376,179,344,412
2020년06월_여_70~79세,"3,827","1,257",176,211,211,177,161,119,140,107,121,271,199,310,367
2020년06월_여_80~89세,"2,883",745,129,157,146,157,170,97,142,119,102,203,163,252,301
2020년06월_여_90~99세,500,127,23,29,30,25,25,19,26,26,19,35,30,43,43
2020년06월_여_100세 이상,12,6,0,0,0,0,0,0,1,1,1,0,1,1,1
2020년07월_계_총인구수,"51,737","24,633","1,792","1,862","2,789","1,612","1,664",881,"1,444","1,137","1,012","3,644","1,779","3,129","4,359"
2020년07월_계_연령구간인구수,"51,737","24,633","1,792","1,862","2,789","1,612","1,664",881,"1,444","1,137","1,012","3,644","1,779","3,129","4,359"
2020년07월_계_0~9세,"2,713","1,974",49,29,107,27,25,19,34,30,28,155,21,64,151
2020년07월_계_10~19세,"4,123","2,669",92,88,184,70,58,33,64,70,33,272,51,147,292
2020년07월_계_20~29세,"3,974","2,259",83,98,253,91,88,47,100,69,54,284,92,177,279
2020년07월_계_30~39세,"4,083","2,528",93,92,190,74,82,37,85,47,40,254,76,175,310
2020년07월_계_40~49세,"6,556","3,826",183,154,328,139,130,53,131,80,71,431,169,297,564
2020년07월_계_50~59세,"9,222","4,318",306,306,505,286,308,130,270,188,183,643,366,584,829
2020년07월_계_60~69세,"9,456","3,624",448,441,571,346,383,197,298,255,230,779,382,709,793
2020년07월_계_70~79세,"6,823","2,196",328,382,392,311,312,207,232,187,205,504,351,573,643
2020년07월_계_80~89세,"4,162","1,082",183,235,218,237,240,137,199,176,142,280,238,350,445
2020년07월_계_90~99세,608,148,27,37,41,30,38,21,30,34,24,42,32,52,52
2020년07월_계_100세 이상,17,9,0,0,0,1,0,0,1,1,2,0,1,1,1
2020년07월_남_총인구수,"25,971","12,348",920,911,"1,467",789,846,389,703,555,508,"1,794",893,"1,607","2,241"
2020년07월_남_연령구간인구수,"25,971","12,348",920,911,"1,467",789,846,389,703,555,508,"1,794",893,"1,607","2,241"
2020년07월_남_0~9세,"1,370","1,004",26,17,53,14,12,10,11,16,11,73,10,30,83
2020년07월_남_10~19세,"2,251","1,479",54,48,93,39,28,16,30,38,17,140,28,82,159
2020년07월_남_20~29세,"2,347","1,304",51,60,167,56,53,24,65,41,37,159,52,104,174
2020년07월_남_30~39세,"2,244","1,297",63,57,111,38,52,20,54,30,28,132,51,121,190
2020년07월_남_40~49세,"3,669","2,013",112,98,194,83,78,30,85,51,42,233,101,200,349
2020년07월_남_50~59세,"4,997","2,217",175,177,290,146,187,68,151,102,112,341,218,332,481
2020년07월_남_60~69세,"4,723","1,742",231,200,293,191,201,92,155,131,132,403,204,368,380
2020년07월_남_70~79세,"2,984",931,149,168,181,136,155,88,92,81,83,229,153,264,274
2020년07월_남_80~89세,"1,269",335,55,78,74,79,67,39,57,57,40,77,73,96,142
2020년07월_남_90~99세,113,23,4,8,11,7,13,2,3,8,5,7,3,10,9
2020년07월_남_100세 이상,4,3,0,0,0,0,0,0,0,0,1,0,0,0,0
2020년07월_여_총인구수,"25,766","12,285",872,951,"1,322",823,818,492,741,582,504,"1,850",886,"1,522","2,118"
2020년07월_여_연령구간인구수,"25,766","12,285",872,951,"1,322",823,818,492,741,582,504,"1,850",886,"1,522","2,118"
2020년07월_여_0~9세,"1,343",970,23,12,54,13,13,9,23,14,17,82,11,34,68
2020년07월_여_10~19세,"1,872","1,190",38,40,91,31,30,17,34,32,16,132,23,65,133
2020년07월_여_20~29세,"1,627",955,32,38,86,35,35,23,35,28,17,125,40,73,105
2020년07월_여_30~39세,"1,839","1,231",30,35,79,36,30,17,31,17,12,122,25,54,120
2020년07월_여_40~49세,"2,887","1,813",71,56,134,56,52,23,46,29,29,198,68,97,215
2020년07월_여_50~59세,"4,225","2,101",131,129,215,140,121,62,119,86,71,302,148,252,348
2020년07월_여_60~69세,"4,733","1,882",217,241,278,155,182,105,143,124,98,376,178,341,413
2020년07월_여_70~79세,"3,839","1,265",179,214,211,175,157,119,140,106,122,275,198,309,369
2020년07월_여_80~89세,"2,893",747,128,157,144,158,173,98,142,119,102,203,165,254,303
2020년07월_여_90~99세,495,125,23,29,30,23,25,19,27,26,19,35,29,42,43
2020년07월_여_100세 이상,13,6,0,0,0,1,0,0,1,1,1,0,1,1,1
2020년08월_계_총인구수,"51,630","24,602","1,783","1,849","2,776","1,600","1,669",879,"1,441","1,138","1,018","3,631","1,776","3,114","4,354"
2020년08월_계_연령구간인구수,"51,630","24,602","1,783","1,849","2,776","1,600","1,669",879,"1,441","1,138","1,018","3,631","1,776","3,114","4,354"
2020년08월_계_0~9세,"2,693","1,967",46,29,103,26,28,18,34,30,27,149,21,65,150
2020년08월_계_10~19세,"4,083","2,642",90,86,183,68,58,34,64,69,34,273,50,143,289
2020년08월_계_20~29세,"3,966","2,263",82,95,250,91,90,46,99,70,54,278,92,175,281
2020년08월_계_30~39세,"4,039","2,500",93,88,186,72,80,38,83,47,40,252,79,174,307
2020년08월_계_40~49세,"6,523","3,827",185,154,325,134,131,51,130,80,69,426,166,290,555
2020년08월_계_50~59세,"9,214","4,321",307,302,497,288,312,129,269,184,186,644,368,583,824
2020년08월_계_60~69세,"9,505","3,650",446,445,576,344,381,198,299,258,233,782,378,713,802
2020년08월_계_70~79세,"6,802","2,192",323,379,390,309,311,203,231,188,203,509,353,567,644
2020년08월_계_80~89세,"4,173","1,081",183,235,224,235,239,141,200,176,145,277,236,352,449
2020년08월_계_90~99세,615,150,28,36,42,32,39,21,31,35,25,41,32,51,52
2020년08월_계_100세 이상,17,9,0,0,0,1,0,0,1,1,2,0,1,1,1
2020년08월_남_총인구수,"25,895","12,318",916,904,"1,453",786,848,387,703,556,508,"1,791",893,"1,597","2,235"
2020년08월_남_연령구간인구수,"25,895","12,318",916,904,"1,453",786,848,387,703,556,508,"1,791",893,"1,597","2,235"
2020년08월_남_0~9세,"1,366","1,005",24,17,49,14,13,9,13,16,11,73,10,30,82
2020년08월_남_10~19세,"2,217","1,457",52,47,92,39,28,16,30,37,16,140,27,79,157
2020년08월_남_20~29세,"2,342","1,306",52,60,163,55,54,23,64,42,37,157,52,103,174
2020년08월_남_30~39세,"2,215","1,278",63,54,108,37,52,21,52,30,28,131,52,122,187
2020년08월_남_40~49세,"3,649","2,013",112,97,197,79,77,28,85,51,41,230,100,194,345
2020년08월_남_50~59세,"4,989","2,218",174,174,279,150,190,69,150,100,112,340,219,334,480
2020년08월_남_60~69세,"4,748","1,751",231,203,297,190,200,92,157,133,134,404,204,368,384
2020년08월_남_70~79세,"2,979",930,147,166,181,137,155,85,92,83,82,232,153,261,275
2020년08월_남_80~89세,"1,272",332,57,78,76,77,66,42,57,56,41,78,73,97,142
2020년08월_남_90~99세,114,25,4,8,11,8,13,2,3,8,5,6,3,9,9
2020년08월_남_100세 이상,4,3,0,0,0,0,0,0,0,0,1,0,0,0,0
2020년08월_여_총인구수,"25,735","12,284",867,945,"1,323",814,821,492,738,582,510,"1,840",883,"1,517","2,119"
2020년08월_여_연령구간인구수,"25,735","12,284",867,945,"1,323",814,821,492,738,582,510,"1,840",883,"1,517","2,119"
2020년08월_여_0~9세,"1,327",962,22,12,54,12,15,9,21,14,16,76,11,35,68
2020년08월_여_10~19세,"1,866","1,185",38,39,91,29,30,18,34,32,18,133,23,64,132
2020년08월_여_20~29세,"1,624",957,30,35,87,36,36,23,35,28,17,121,40,72,107
2020년08월_여_30~39세,"1,824","1,222",30,34,78,35,28,17,31,17,12,121,27,52,120
2020년08월_여_40~49세,"2,874","1,814",73,57,128,55,54,23,45,29,28,196,66,96,210
2020년08월_여_50~59세,"4,225","2,103",133,128,218,138,122,60,119,84,74,304,149,249,344
2020년08월_여_60~69세,"4,757","1,899",215,242,279,154,181,106,142,125,99,378,174,345,418
2020년08월_여_70~79세,"3,823","1,262",176,213,209,172,156,118,139,105,121,277,200,306,369
2020년08월_여_80~89세,"2,901",749,126,157,148,158,173,99,143,120,104,199,163,255,307
2020년08월_여_90~99세,501,125,24,28,31,24,26,19,28,27,20,35,29,42,43
2020년08월_여_100세 이상,13,6,0,0,0,1,0,0,1,1,1,0,1,1,1
2020년09월_계_총인구수,"51,539","24,562","1,777","1,850","2,767","1,604","1,667",874,"1,448","1,134","1,010","3,618","1,777","3,103","4,348"
2020년09월_계_연령구간인구수,"51,539","24,562","1,777","1,850","2,767","1,604","1,667",874,"1,448","1,134","1,010","3,618","1,777","3,103","4,348"
2020년09월_계_0~9세,"2,676","1,949",46,30,101,26,28,18,37,30,27,148,23,65,148
2020년09월_계_10~19세,"4,073","2,634",89,85,184,68,61,33,63,69,33,274,50,144,286
2020년09월_계_20~29세,"3,950","2,259",80,92,253,91,90,45,101,69,53,264,93,174,286
2020년09월_계_30~39세,"3,972","2,447",94,89,185,71,76,37,83,46,42,251,80,171,300
2020년09월_계_40~49세,"6,495","3,818",178,156,314,136,133,49,132,78,68,424,166,289,554
2020년09월_계_50~59세,"9,184","4,330",301,300,494,286,304,125,266,182,180,649,362,581,824
2020년09월_계_60~69세,"9,571","3,689",455,447,577,347,386,202,305,258,232,783,379,710,801
2020년09월_계_70~79세,"6,789","2,190",321,380,390,312,309,201,230,188,200,504,351,566,647
2020년09월_계_80~89세,"4,188","1,086",184,234,226,231,238,143,199,177,148,279,241,350,452
2020년09월_계_90~99세,623,151,29,37,42,35,42,21,31,36,25,42,31,52,49
2020년09월_계_100세 이상,18,9,0,0,1,1,0,0,1,1,2,0,1,1,1
2020년09월_남_총인구수,"25,847","12,306",913,904,"1,445",786,848,383,706,554,505,"1,782",894,"1,592","2,229"
2020년09월_남_연령구간인구수,"25,847","12,306",913,904,"1,445",786,848,383,706,554,505,"1,782",894,"1,592","2,229"
2020년09월_남_0~9세,"1,358",999,24,17,48,14,13,9,14,16,11,72,11,30,80
2020년09월_남_10~19세,"2,213","1,450",51,47,94,39,31,16,30,37,16,141,27,80,154
2020년09월_남_20~29세,"2,325","1,305",51,57,164,55,55,23,64,41,37,145,52,101,175
2020년09월_남_30~39세,"2,181","1,250",64,55,109,36,47,19,54,29,29,131,53,120,185
2020년09월_남_40~49세,"3,621","2,007",106,98,187,79,80,26,84,49,40,228,101,195,341
2020년09월_남_50~59세,"4,999","2,235",174,172,278,150,186,68,149,102,109,344,216,332,484
2020년09월_남_60~69세,"4,776","1,766",233,206,297,190,203,94,159,133,134,405,204,368,384
2020년09월_남_70~79세,"2,975",932,148,166,180,139,153,84,91,83,79,230,154,260,276
2020년09월_남_80~89세,"1,277",333,57,77,77,76,65,42,58,56,44,80,73,98,141
2020년09월_남_90~99세,118,26,5,9,11,8,15,2,3,8,5,6,3,8,9
2020년09월_남_100세 이상,4,3,0,0,0,0,0,0,0,0,1,0,0,0,0
2020년09월_여_총인구수,"25,692","12,256",864,946,"1,322",818,819,491,742,580,505,"1,836",883,"1,511","2,119"
2020년09월_여_연령구간인구수,"25,692","12,256",864,946,"1,322",818,819,491,742,580,505,"1,836",883,"1,511","2,119"
2020년09월_여_0~9세,"1,318",950,22,13,53,12,15,9,23,14,16,76,12,35,68
2020년09월_여_10~19세,"1,860","1,184",38,38,90,29,30,17,33,32,17,133,23,64,132
2020년09월_여_20~29세,"1,625",954,29,35,89,36,35,22,37,28,16,119,41,73,111
2020년09월_여_30~39세,"1,791","1,197",30,34,76,35,29,18,29,17,13,120,27,51,115
2020년09월_여_40~49세,"2,874","1,811",72,58,127,57,53,23,48,29,28,196,65,94,213
2020년09월_여_50~59세,"4,185","2,095",127,128,216,136,118,57,117,80,71,305,146,249,340
2020년09월_여_60~69세,"4,795","1,923",222,241,280,157,183,108,146,125,98,378,175,342,417
2020년09월_여_70~79세,"3,814","1,258",173,214,210,173,156,117,139,105,121,274,197,306,371
2020년09월_여_80~89세,"2,911",753,127,157,149,155,173,101,141,121,104,199,168,252,311
2020년09월_여_90~99세,505,125,24,28,31,27,27,19,28,28,20,36,28,44,40
2020년09월_여_100세 이상,14,6,0,0,1,1,0,0,1,1,1,0,1,1,1
2020년10월_계_총인구수,"51,477","24,552","1,765","1,859","2,756","1,600","1,675",866,"1,446","1,137","1,007","3,611","1,775","3,089","4,339"
2020년10월_계_연령구간인구수,"51,477","24,552","1,765","1,859","2,756","1,600","1,675",866,"1,446","1,137","1,007","3,611","1,775","3,089","4,339"
2020년10월_계_0~9세,"2,647","1,932",42,28,99,25,32,18,37,30,28,144,23,62,147
2020년10월_계_10~19세,"4,087","2,633",91,99,187,65,62,32,60,70,34,275,49,144,286
2020년10월_계_20~29세,"3,948","2,281",79,92,247,88,89,44,99,69,50,264,91,171,284
2020년10월_계_30~39세,"3,929","2,425",89,91,184,68,75,38,84,46,40,246,78,163,302
2020년10월_계_40~49세,"6,429","3,784",176,148,309,137,133,44,132,77,67,424,166,287,545
2020년10월_계_50~59세,"9,174","4,333",301,298,491,281,304,125,266,181,179,648,360,581,826
2020년10월_계_60~69세,"9,639","3,722",453,456,582,354,389,200,307,261,233,783,385,712,802
2020년10월_계_70~79세,"6,773","2,189",321,379,385,311,311,201,227,186,201,506,348,565,643
2020년10월_계_80~89세,"4,208","1,092",185,231,231,235,235,145,201,180,148,279,243,351,452
2020년10월_계_90~99세,625,152,28,37,40,35,45,19,32,36,25,42,31,52,51
2020년10월_계_100세 이상,18,9,0,0,1,1,0,0,1,1,2,0,1,1,1
2020년10월_남_총인구수,"25,799","12,288",908,910,"1,430",785,852,379,706,556,502,"1,779",893,"1,588","2,223"
2020년10월_남_연령구간인구수,"25,799","12,288",908,910,"1,430",785,852,379,706,556,502,"1,779",893,"1,588","2,223"
2020년10월_남_0~9세,"1,343",993,21,16,46,13,15,9,14,16,11,69,11,29,80
2020년10월_남_10~19세,"2,223","1,447",53,56,95,38,32,16,30,38,16,143,27,79,153
2020년10월_남_20~29세,"2,322","1,316",50,57,159,53,53,22,64,42,35,145,51,101,174
2020년10월_남_30~39세,"2,152","1,234",63,55,109,34,49,20,54,29,27,128,51,114,185
2020년10월_남_40~49세,"3,579","1,986",103,94,180,82,77,24,83,48,40,226,100,200,336
2020년10월_남_50~59세,"4,991","2,236",175,169,274,146,188,68,148,102,109,342,217,332,485
2020년10월_남_60~69세,"4,812","1,783",234,211,300,194,205,91,162,133,134,405,207,368,385
2020년10월_남_70~79세,"2,973",930,147,167,179,138,152,85,90,84,80,235,153,259,274
2020년10월_남_80~89세,"1,280",334,57,76,78,79,65,42,58,56,44,79,73,97,142
2020년10월_남_90~99세,120,26,5,9,10,8,16,2,3,8,5,7,3,9,9
2020년10월_남_100세 이상,4,3,0,0,0,0,0,0,0,0,1,0,0,0,0
2020년10월_여_총인구수,"25,678","12,264",857,949,"1,326",815,823,487,740,581,505,"1,832",882,"1,501","2,116"
2020년10월_여_연령구간인구수,"25,678","12,264",857,949,"1,326",815,823,487,740,581,505,"1,832",882,"1,501","2,116"
2020년10월_여_0~9세,"1,304",939,21,12,53,12,17,9,23,14,17,75,12,33,67
2020년10월_여_10~19세,"1,864","1,186",38,43,92,27,30,16,30,32,18,132,22,65,133
2020년10월_여_20~29세,"1,626",965,29,35,88,35,36,22,35,27,15,119,40,70,110
2020년10월_여_30~39세,"1,777","1,191",26,36,75,34,26,18,30,17,13,118,27,49,117
2020년10월_여_40~49세,"2,850","1,798",73,54,129,55,56,20,49,29,27,198,66,87,209
2020년10월_여_50~59세,"4,183","2,097",126,129,217,135,116,57,118,79,70,306,143,249,341
2020년10월_여_60~69세,"4,827","1,939",219,245,282,160,184,109,145,128,99,378,178,344,417
2020년10월_여_70~79세,"3,800","1,259",174,212,206,173,159,116,137,102,121,271,195,306,369
2020년10월_여_80~89세,"2,928",758,128,155,153,156,170,103,143,124,104,200,170,254,310
2020년10월_여_90~99세,505,126,23,28,30,27,29,17,29,28,20,35,28,43,42
2020년10월_여_100세 이상,14,6,0,0,1,1,0,0,1,1,1,0,1,1,1
2020년11월_계_총인구수,"51,442","24,543","1,768","1,854","2,745","1,598","1,692",863,"1,442","1,135","1,011","3,615","1,771","3,078","4,327"
2020년11월_계_연령구간인구수,"51,442","24,543","1,768","1,854","2,745","1,598","1,692",863,"1,442","1,135","1,011","3,615","1,771","3,078","4,327"
2020년11월_계_0~9세,"2,592","1,892",40,26,99,25,32,16,36,28,28,143,23,60,144
2020년11월_계_10~19세,"4,148","2,697",87,102,184,66,66,29,61,69,34,281,49,141,282
2020년11월_계_20~29세,"3,933","2,269",82,93,246,85,91,45,99,69,49,260,89,171,285
2020년11월_계_30~39세,"3,889","2,406",88,88,186,64,73,38,85,46,41,245,72,158,299
2020년11월_계_40~49세,"6,414","3,766",177,148,305,138,137,44,129,76,67,421,168,291,547
2020년11월_계_50~59세,"9,157","4,340",302,297,490,278,305,123,264,181,181,646,357,575,818
2020년11월_계_60~69세,"9,682","3,728",457,454,579,361,397,200,310,263,236,788,392,712,805
2020년11월_계_70~79세,"6,743","2,183",318,378,381,310,306,203,224,187,199,508,344,563,639
2020년11월_계_80~89세,"4,233","1,099",189,232,233,233,238,145,199,179,149,282,245,354,456
2020년11월_계_90~99세,633,154,28,36,41,37,47,20,34,36,25,41,31,52,51
2020년11월_계_100세 이상,18,9,0,0,1,1,0,0,1,1,2,0,1,1,1
2020년11월_남_총인구수,"25,795","12,303",906,904,"1,428",786,866,378,703,555,505,"1,781",888,"1,581","2,211"
2020년11월_남_연령구간인구수,"25,795","12,303",906,904,"1,428",786,866,378,703,555,505,"1,781",888,"1,581","2,211"
2020년11월_남_0~9세,"1,315",977,20,14,46,13,15,9,13,15,11,68,11,29,74
2020년11월_남_10~19세,"2,264","1,493",49,58,93,39,37,13,31,36,16,145,27,78,149
2020년11월_남_20~29세,"2,314","1,308",52,57,161,51,52,23,64,42,34,142,51,99,178
2020년11월_남_30~39세,"2,138","1,228",62,53,111,31,50,20,55,29,28,129,48,110,184
2020년11월_남_40~49세,"3,571","1,977",105,93,178,84,79,24,81,48,40,227,98,203,334
2020년11월_남_50~59세,"4,988","2,241",175,168,275,143,188,68,145,105,111,341,216,329,483
2020년11월_남_60~69세,"4,830","1,786",237,208,298,199,211,92,164,132,135,406,210,366,386
2020년11월_남_70~79세,"2,957",928,143,169,177,137,149,85,89,84,79,235,149,260,273
2020년11월_남_80~89세,"1,293",335,58,75,79,80,69,42,58,56,45,81,75,98,142
2020년11월_남_90~99세,121,27,5,9,10,9,16,2,3,8,5,7,3,9,8
2020년11월_남_100세 이상,4,3,0,0,0,0,0,0,0,0,1,0,0,0,0
2020년11월_여_총인구수,"25,647","12,240",862,950,"1,317",812,826,485,739,580,506,"1,834",883,"1,497","2,116"
2020년11월_여_연령구간인구수,"25,647","12,240",862,950,"1,317",812,826,485,739,580,506,"1,834",883,"1,497","2,116"
2020년11월_여_0~9세,"1,277",915,20,12,53,12,17,7,23,13,17,75,12,31,70
2020년11월_여_10~19세,"1,884","1,204",38,44,91,27,29,16,30,33,18,136,22,63,133
2020년11월_여_20~29세,"1,619",961,30,36,85,34,39,22,35,27,15,118,38,72,107
2020년11월_여_30~39세,"1,751","1,178",26,35,75,33,23,18,30,17,13,116,24,48,115
2020년11월_여_40~49세,"2,843","1,789",72,55,127,54,58,20,48,28,27,194,70,88,213
2020년11월_여_50~59세,"4,169","2,099",127,129,215,135,117,55,119,76,70,305,141,246,335
2020년11월_여_60~69세,"4,852","1,942",220,246,281,162,186,108,146,131,101,382,182,346,419
2020년11월_여_70~79세,"3,786","1,255",175,209,204,173,157,118,135,103,120,273,195,303,366
2020년11월_여_80~89세,"2,940",764,131,157,154,153,169,103,141,123,104,201,170,256,314
2020년11월_여_90~99세,512,127,23,27,31,28,31,18,31,28,20,34,28,43,43
2020년11월_여_100세 이상,14,6,0,0,1,1,0,0,1,1,1,0,1,1,1
2020년12월_계_총인구수,"51,361","24,493","1,759","1,848","2,760","1,591","1,689",858,"1,439","1,129","1,010","3,605","1,764","3,088","4,328"
2020년12월_계_연령구간인구수,"51,361","24,493","1,759","1,848","2,760","1,591","1,689",858,"1,439","1,129","1,010","3,605","1,764","3,088","4,328"
2020년12월_계_0~9세,"2,570","1,869",39,27,99,25,35,14,38,25,28,142,23,63,143
2020년12월_계_10~19세,"4,157","2,704",85,102,184,65,66,27,59,70,33,283,51,143,285
2020년12월_계_20~29세,"3,906","2,255",79,90,257,79,85,45,102,68,51,260,82,174,279
2020년12월_계_30~39세,"3,850","2,379",88,91,191,63,74,35,80,43,39,242,70,159,296
2020년12월_계_40~49세,"6,374","3,756",170,143,300,137,133,44,129,76,64,420,168,284,550
2020년12월_계_50~59세,"9,135","4,333",305,292,492,278,300,121,263,183,177,637,356,582,816
2020년12월_계_60~69세,"9,735","3,742",458,455,581,363,407,204,309,263,243,793,393,713,811
2020년12월_계_70~79세,"6,740","2,193",314,380,380,310,303,201,227,186,200,505,343,560,638
2020년12월_계_80~89세,"4,242","1,105",193,232,234,234,236,146,196,180,148,284,242,356,456
2020년12월_계_90~99세,632,147,28,36,41,36,50,21,35,34,25,39,35,53,52
2020년12월_계_100세 이상,20,10,0,0,1,1,0,0,1,1,2,0,1,1,2
2020년12월_남_총인구수,"25,760","12,288",902,899,"1,442",783,864,374,702,551,505,"1,765",882,"1,586","2,217"
2020년12월_남_연령구간인구수,"25,760","12,288",902,899,"1,442",783,864,374,702,551,505,"1,765",882,"1,586","2,217"
2020년12월_남_0~9세,"1,301",967,19,13,45,13,15,8,13,13,11,68,11,30,75
2020년12월_남_10~19세,"2,269","1,496",49,57,94,38,39,13,31,36,14,144,27,80,151
2020년12월_남_20~29세,"2,293","1,298",49,55,168,47,47,23,66,41,36,138,50,98,177
2020년12월_남_30~39세,"2,125","1,230",62,54,118,30,51,17,51,26,26,125,47,107,181
2020년12월_남_40~49세,"3,551","1,964",101,93,179,86,79,24,81,49,37,227,96,199,336
2020년12월_남_50~59세,"4,976","2,237",178,165,272,142,182,66,145,106,110,335,217,337,484
2020년12월_남_60~69세,"4,860","1,794",239,208,299,200,218,94,163,132,139,407,209,367,391
2020년12월_남_70~79세,"2,961",936,140,170,177,138,148,85,91,85,81,234,148,259,269
2020년12월_남_80~89세,"1,302",339,60,75,79,80,69,42,58,56,45,82,73,99,145
2020년12월_남_90~99세,118,24,5,9,11,9,16,2,3,7,5,5,4,10,8
2020년12월_남_100세 이상,4,3,0,0,0,0,0,0,0,0,1,0,0,0,0
2020년12월_여_총인구수,"25,601","12,205",857,949,"1,318",808,825,484,737,578,505,"1,840",882,"1,502","2,111"
2020년12월_여_연령구간인구수,"25,601","12,205",857,949,"1,318",808,825,484,737,578,505,"1,840",882,"1,502","2,111"
2020년12월_여_0~9세,"1,269",902,20,14,54,12,20,6,25,12,17,74,12,33,68
2020년12월_여_10~19세,"1,888","1,208",36,45,90,27,27,14,28,34,19,139,24,63,134
2020년12월_여_20~29세,"1,613",957,30,35,89,32,38,22,36,27,15,122,32,76,102
2020년12월_여_30~39세,"1,725","1,149",26,37,73,33,23,18,29,17,13,117,23,52,115
2020년12월_여_40~49세,"2,823","1,792",69,50,121,51,54,20,48,27,27,193,72,85,214
2020년12월_여_50~59세,"4,159","2,096",127,127,220,136,118,55,118,77,67,302,139,245,332
2020년12월_여_60~69세,"4,875","1,948",219,247,282,163,189,110,146,131,104,386,184,346,420
2020년12월_여_70~79세,"3,779","1,257",174,210,203,172,155,116,136,101,119,271,195,301,369
2020년12월_여_80~89세,"2,940",766,133,157,155,154,167,104,138,124,103,202,169,257,311
2020년12월_여_90~99세,514,123,23,27,30,27,34,19,32,27,20,34,31,43,44
2020년12월_여_100세 이상,16,7,0,0,1,1,0,0,1,1,1,0,1,1,2
2021년01월_계_총인구수,"51,372","24,499","1,764","1,849","2,761","1,590","1,682",862,"1,443","1,123","1,019","3,607","1,753","3,096","4,324"
2021년01월_계_연령구간인구수,"51,372","24,499","1,764","1,849","2,761","1,590","1,682",862,"1,443","1,123","1,019","3,607","1,753","3,096","4,324"
2021년01월_계_0~9세,"2,547","1,850",39,27,100,23,36,14,37,25,27,143,22,66,138
2021년01월_계_10~19세,"4,157","2,700",85,102,182,66,65,27,55,70,35,286,51,143,290
2021년01월_계_20~29세,"3,903","2,257",81,87,256,79,83,44,105,67,50,258,83,176,277
2021년01월_계_30~39세,"3,826","2,378",88,90,188,61,74,32,75,43,40,238,69,159,291
2021년01월_계_40~49세,"6,333","3,731",170,141,301,134,128,50,131,73,68,417,161,281,547
2021년01월_계_50~59세,"9,136","4,347",300,292,490,281,298,118,265,182,177,637,356,581,812
2021년01월_계_60~69세,"9,798","3,767",461,456,588,362,408,209,316,263,245,792,394,719,818
2021년01월_계_70~79세,"6,758","2,207",316,384,374,311,303,202,225,184,200,510,342,563,637
2021년01월_계_80~89세,"4,259","1,107",196,233,242,235,235,146,198,182,148,284,238,355,460
2021년01월_계_90~99세,635,146,27,37,39,37,52,20,35,33,27,42,36,52,52
2021년01월_계_100세 이상,20,9,1,0,1,1,0,0,1,1,2,0,1,1,2
2021년01월_남_총인구수,"25,763","12,296",901,898,"1,443",781,857,376,706,549,509,"1,762",876,"1,596","2,213"
2021년01월_남_연령구간인구수,"25,763","12,296",901,898,"1,443",781,857,376,706,549,509,"1,762",876,"1,596","2,213"
2021년01월_남_0~9세,"1,285",953,19,13,46,11,16,8,12,13,11,69,11,31,72
2021년01월_남_10~19세,"2,280","1,495",49,58,94,39,38,13,30,36,14,148,27,83,156
2021년01월_남_20~29세,"2,284","1,301",50,51,165,47,45,22,69,41,36,135,50,98,174
2021년01월_남_30~39세,"2,104","1,228",61,53,118,30,51,15,46,26,26,122,46,108,174
2021년01월_남_40~49세,"3,518","1,948",101,93,177,84,74,27,83,47,39,223,92,197,333
2021년01월_남_50~59세,"4,977","2,248",174,165,272,143,182,63,147,104,109,332,215,340,483
2021년01월_남_60~69세,"4,904","1,810",241,207,306,200,218,99,166,132,141,409,212,369,394
2021년01월_남_70~79세,"2,977",940,143,174,175,138,148,85,91,86,82,235,147,261,272
2021년01월_남_80~89세,"1,313",345,59,75,81,81,68,42,59,57,44,84,72,99,147
2021년01월_남_90~99세,117,25,4,9,9,8,17,2,3,7,6,5,4,10,8
2021년01월_남_100세 이상,4,3,0,0,0,0,0,0,0,0,1,0,0,0,0
2021년01월_여_총인구수,"25,609","12,203",863,951,"1,318",809,825,486,737,574,510,"1,845",877,"1,500","2,111"
2021년01월_여_연령구간인구수,"25,609","12,203",863,951,"1,318",809,825,486,737,574,510,"1,845",877,"1,500","2,111"
2021년01월_여_0~9세,"1,262",897,20,14,54,12,20,6,25,12,16,74,11,35,66
2021년01월_여_10~19세,"1,877","1,205",36,44,88,27,27,14,25,34,21,138,24,60,134
2021년01월_여_20~29세,"1,619",956,31,36,91,32,38,22,36,26,14,123,33,78,103
2021년01월_여_30~39세,"1,722","1,150",27,37,70,31,23,17,29,17,14,116,23,51,117
2021년01월_여_40~49세,"2,815","1,783",69,48,124,50,54,23,48,26,29,194,69,84,214
2021년01월_여_50~59세,"4,159","2,099",126,127,218,138,116,55,118,78,68,305,141,241,329
2021년01월_여_60~69세,"4,894","1,957",220,249,282,162,190,110,150,131,104,383,182,350,424
2021년01월_여_70~79세,"3,781","1,267",173,210,199,173,155,117,134,98,118,275,195,302,365
2021년01월_여_80~89세,"2,946",762,137,158,161,154,167,104,139,125,104,200,166,256,313
2021년01월_여_90~99세,518,121,23,28,30,29,35,18,32,26,21,37,32,42,44
2021년01월_여_100세 이상,16,6,1,0,1,1,0,0,1,1,1,0,1,1,2
2021년02월_계_총인구수,"51,283","24,449","1,767","1,850","2,750","1,590","1,672",858,"1,450","1,123","1,025","3,587","1,750","3,107","4,305"
2021년02월_계_연령구간인구수,"51,283","24,449","1,767","1,850","2,750","1,590","1,672",858,"1,450","1,123","1,025","3,587","1,750","3,107","4,305"
2021년02월_계_0~9세,"2,519","1,823",40,27,101,23,34,14,42,24,29,138,23,67,134
2021년02월_계_10~19세,"4,130","2,681",84,100,182,62,62,25,55,72,35,286,52,147,287
2021년02월_계_20~29세,"3,879","2,254",84,91,243,78,82,44,102,63,49,259,82,174,274
2021년02월_계_30~39세,"3,763","2,332",87,88,192,61,74,33,75,42,41,231,69,157,281
2021년02월_계_40~49세,"6,312","3,728",171,143,296,133,121,50,133,75,66,405,163,283,545
2021년02월_계_50~59세,"9,123","4,343",296,295,489,279,299,118,260,177,180,635,352,588,812
2021년02월_계_60~69세,"9,841","3,800",462,451,589,371,408,206,320,269,244,796,394,716,815
2021년02월_계_70~79세,"6,786","2,219",318,384,376,311,303,202,227,185,203,507,342,568,641
2021년02월_계_80~89세,"4,264","1,107",195,234,241,235,234,146,198,182,148,288,238,355,463
2021년02월_계_90~99세,645,152,29,37,40,36,55,20,37,33,28,42,34,51,51
2021년02월_계_100세 이상,21,10,1,0,1,1,0,0,1,1,2,0,1,1,2
2021년02월_남_총인구수,"25,707","12,257",904,901,"1,435",783,851,377,711,547,512,"1,748",877,"1,598","2,206"
2021년02월_남_연령구간인구수,"25,707","12,257",904,901,"1,435",783,851,377,711,547,512,"1,748",877,"1,598","2,206"
2021년02월_남_0~9세,"1,269",937,20,13,46,11,15,9,15,12,12,67,11,32,69
2021년02월_남_10~19세,"2,265","1,483",50,58,94,36,37,12,30,37,16,145,28,83,156
2021년02월_남_20~29세,"2,268","1,295",53,53,155,48,45,23,68,38,35,136,50,95,174
2021년02월_남_30~39세,"2,067","1,206",59,51,121,31,50,16,46,25,27,116,45,108,166
2021년02월_남_40~49세,"3,511","1,949",101,94,175,83,72,27,84,49,39,215,93,196,334
2021년02월_남_50~59세,"4,970","2,249",172,168,269,145,178,62,144,99,109,331,214,344,486
2021년02월_남_60~69세,"4,912","1,819",240,204,309,203,220,98,168,135,139,412,212,364,389
2021년02월_남_70~79세,"2,999",945,144,175,176,139,148,86,95,87,83,231,147,266,277
2021년02월_남_80~89세,"1,322",343,60,76,81,80,69,42,57,58,45,90,73,101,147
2021년02월_남_90~99세,120,28,5,9,9,7,17,2,4,7,6,5,4,9,8
2021년02월_남_100세 이상,4,3,0,0,0,0,0,0,0,0,1,0,0,0,0
2021년02월_여_총인구수,"25,576","12,192",863,949,"1,315",807,821,481,739,576,513,"1,839",873,"1,509","2,099"
2021년02월_여_연령구간인구수,"25,576","12,192",863,949,"1,315",807,821,481,739,576,513,"1,839",873,"1,509","2,099"
2021년02월_여_0~9세,"1,250",886,20,14,55,12,19,5,27,12,17,71,12,35,65
2021년02월_여_10~19세,"1,865","1,198",34,42,88,26,25,13,25,35,19,141,24,64,131
2021년02월_여_20~29세,"1,611",959,31,38,88,30,37,21,34,25,14,123,32,79,100
2021년02월_여_30~39세,"1,696","1,126",28,37,71,30,24,17,29,17,14,115,24,49,115
2021년02월_여_40~49세,"2,801","1,779",70,49,121,50,49,23,49,26,27,190,70,87,211
2021년02월_여_50~59세,"4,153","2,094",124,127,220,134,121,56,116,78,71,304,138,244,326
2021년02월_여_60~69세,"4,929","1,981",222,247,280,168,188,108,152,134,105,384,182,352,426
2021년02월_여_70~79세,"3,787","1,274",174,209,200,172,155,116,132,98,120,276,195,302,364
2021년02월_여_80~89세,"2,942",764,135,158,160,155,165,104,141,124,103,198,165,254,316
2021년02월_여_90~99세,525,124,24,28,31,29,38,18,33,26,22,37,30,42,43
2021년02월_여_100세 이상,17,7,1,0,1,1,0,0,1,1,1,0,1,1,2
2021년03월_계_총인구수,"51,035","24,310","1,755","1,857","2,722","1,592","1,668",855,"1,437","1,119","1,021","3,590","1,738","3,067","4,304"
2021년03월_계_연령구간인구수,"51,035","24,310","1,755","1,857","2,722","1,592","1,668",855,"1,437","1,119","1,021","3,590","1,738","3,067","4,304"
2021년03월_계_0~9세,"2,495","1,806",41,25,100,24,35,14,40,24,27,142,19,63,135
2021년03월_계_10~19세,"4,159","2,682",80,113,177,65,63,24,54,72,34,308,53,149,285
2021년03월_계_20~29세,"3,838","2,247",84,87,233,76,78,44,101,60,50,255,79,169,275
2021년03월_계_30~39세,"3,719","2,309",87,87,190,62,73,33,74,41,40,226,64,152,281
2021년03월_계_40~49세,"6,239","3,698",167,143,293,132,124,47,123,74,65,396,164,276,537
2021년03월_계_50~59세,"9,010","4,291",292,290,481,276,293,116,259,178,178,629,342,573,812
2021년03월_계_60~69세,"9,881","3,812",457,455,592,373,410,207,323,273,247,797,401,713,821
2021년03월_계_70~79세,"6,769","2,208",322,387,373,314,302,202,228,184,202,504,339,565,639
2021년03월_계_80~89세,"4,258","1,105",195,233,240,231,235,147,198,179,147,292,240,354,462
2021년03월_계_90~99세,653,149,29,37,42,38,55,21,36,33,29,41,36,52,55
2021년03월_계_100세 이상,14,3,1,0,1,1,0,0,1,1,2,0,1,1,2
2021년03월_남_총인구수,"25,621","12,215",901,907,"1,419",786,850,380,703,548,514,"1,745",872,"1,581","2,200"
2021년03월_남_연령구간인구수,"25,621","12,215",901,907,"1,419",786,850,380,703,548,514,"1,745",872,"1,581","2,200"
2021년03월_남_0~9세,"1,260",934,20,12,46,13,16,9,13,12,13,66,8,31,67
2021년03월_남_10~19세,"2,276","1,481",48,64,92,36,38,12,29,37,16,154,28,85,156
2021년03월_남_20~29세,"2,255","1,299",54,55,150,49,41,23,66,36,35,134,49,94,170
2021년03월_남_30~39세,"2,050","1,199",59,50,117,32,51,17,46,25,27,112,42,104,169
2021년03월_남_40~49세,"3,472","1,935",98,94,175,82,72,25,80,48,39,208,96,191,329
2021년03월_남_50~59세,"4,918","2,234",170,165,263,142,173,62,145,100,109,329,205,337,484
2021년03월_남_60~69세,"4,949","1,824",241,207,310,205,224,100,169,139,141,411,217,364,397
2021년03월_남_70~79세,"3,002",942,147,176,174,141,148,88,96,87,82,233,147,266,275
2021년03월_남_80~89세,"1,319",340,59,74,83,78,70,42,56,57,44,93,76,102,145
2021년03월_남_90~99세,119,27,5,10,9,8,17,2,3,7,7,5,4,7,8
2021년03월_남_100세 이상,1,0,0,0,0,0,0,0,0,0,1,0,0,0,0
2021년03월_여_총인구수,"25,414","12,095",854,950,"1,303",806,818,475,734,571,507,"1,845",866,"1,486","2,104"
2021년03월_여_연령구간인구수,"25,414","12,095",854,950,"1,303",806,818,475,734,571,507,"1,845",866,"1,486","2,104"
2021년03월_여_0~9세,"1,235",872,21,13,54,11,19,5,27,12,14,76,11,32,68
2021년03월_여_10~19세,"1,883","1,201",32,49,85,29,25,12,25,35,18,154,25,64,129
2021년03월_여_20~29세,"1,583",948,30,32,83,27,37,21,35,24,15,121,30,75,105
2021년03월_여_30~39세,"1,669","1,110",28,37,73,30,22,16,28,16,13,114,22,48,112
2021년03월_여_40~49세,"2,767","1,763",69,49,118,50,52,22,43,26,26,188,68,85,208
2021년03월_여_50~59세,"4,092","2,057",122,125,218,134,120,54,114,78,69,300,137,236,328
2021년03월_여_60~69세,"4,932","1,988",216,248,282,168,186,107,154,134,106,386,184,349,424
2021년03월_여_70~79세,"3,767","1,266",175,211,199,173,154,114,132,97,120,271,192,299,364
2021년03월_여_80~89세,"2,939",765,136,159,157,153,165,105,142,122,103,199,164,252,317
2021년03월_여_90~99세,534,122,24,27,33,30,38,19,33,26,22,36,32,45,47
2021년03월_여_100세 이상,13,3,1,0,1,1,0,0,1,1,1,0,1,1,2
2021년04월_계_총인구수,"51,009","24,298","1,751","1,861","2,725","1,588","1,672",858,"1,429","1,116","1,020","3,585","1,734","3,063","4,309"
2021년04월_계_연령구간인구수,"51,009","24,298","1,751","1,861","2,725","1,588","1,672",858,"1,429","1,116","1,020","3,585","1,734","3,063","4,309"
2021년04월_계_0~9세,"2,459","1,775",42,25,99,23,34,14,39,23,27,143,19,64,132
2021년04월_계_10~19세,"4,166","2,678",81,112,181,66,66,26,56,72,34,308,53,143,290
2021년04월_계_20~29세,"3,817","2,231",83,87,235,74,77,45,100,57,48,253,77,171,279
2021년04월_계_30~39세,"3,694","2,304",86,88,189,61,73,34,70,41,40,222,61,155,270
2021년04월_계_40~49세,"6,241","3,688",165,143,296,134,128,47,120,74,66,394,165,277,544
2021년04월_계_50~59세,"8,985","4,292",287,291,475,273,289,112,253,173,180,635,341,571,813
2021년04월_계_60~69세,"9,927","3,839",457,455,597,371,413,210,325,278,247,792,404,709,830
2021년04월_계_70~79세,"6,769","2,217",323,389,373,319,300,199,233,182,195,506,338,564,631
2021년04월_계_80~89세,"4,286","1,118",198,232,237,227,239,150,198,182,153,293,239,358,462
2021년04월_계_90~99세,651,153,28,39,42,39,53,21,34,33,28,39,36,50,56
2021년04월_계_100세 이상,14,3,1,0,1,1,0,0,1,1,2,0,1,1,2
2021년04월_남_총인구수,"25,603","12,211",895,910,"1,417",781,856,381,699,547,512,"1,741",868,"1,587","2,198"
2021년04월_남_연령구간인구수,"25,603","12,211",895,910,"1,417",781,856,381,699,547,512,"1,741",868,"1,587","2,198"
2021년04월_남_0~9세,"1,236",913,20,12,46,12,16,9,14,11,13,66,8,31,65
2021년04월_남_10~19세,"2,282","1,485",48,62,94,36,39,12,29,37,16,153,28,82,161
2021년04월_남_20~29세,"2,251","1,295",54,55,149,48,42,23,66,35,32,133,49,97,173
2021년04월_남_30~39세,"2,041","1,204",57,52,119,30,52,17,43,24,27,110,40,104,162
2021년04월_남_40~49세,"3,464","1,926",96,95,175,82,75,26,77,48,38,207,97,193,329
2021년04월_남_50~59세,"4,904","2,238",167,165,253,141,172,60,142,99,112,332,202,339,482
2021년04월_남_60~69세,"4,967","1,831",241,207,316,204,227,101,170,141,140,407,218,363,401
2021년04월_남_70~79세,"3,012",948,149,178,173,143,145,89,99,87,80,232,147,269,273
2021년04월_남_80~89세,"1,332",345,59,74,83,77,73,42,56,58,47,96,75,103,144
2021년04월_남_90~99세,113,26,4,10,9,8,15,2,3,7,6,5,4,6,8
2021년04월_남_100세 이상,1,0,0,0,0,0,0,0,0,0,1,0,0,0,0
2021년04월_여_총인구수,"25,406","12,087",856,951,"1,308",807,816,477,730,569,508,"1,844",866,"1,476","2,111"
2021년04월_여_연령구간인구수,"25,406","12,087",856,951,"1,308",807,816,477,730,569,508,"1,844",866,"1,476","2,111"
2021년04월_여_0~9세,"1,223",862,22,13,53,11,18,5,25,12,14,77,11,33,67
2021년04월_여_10~19세,"1,884","1,193",33,50,87,30,27,14,27,35,18,155,25,61,129
2021년04월_여_20~29세,"1,566",936,29,32,86,26,35,22,34,22,16,120,28,74,106
2021년04월_여_30~39세,"1,653","1,100",29,36,70,31,21,17,27,17,13,112,21,51,108
2021년04월_여_40~49세,"2,777","1,762",69,48,121,52,53,21,43,26,28,187,68,84,215
2021년04월_여_50~59세,"4,081","2,054",120,126,222,132,117,52,111,74,68,303,139,232,331
2021년04월_여_60~69세,"4,960","2,008",216,248,281,167,186,109,155,137,107,385,186,346,429
2021년04월_여_70~79세,"3,757","1,269",174,211,200,176,155,110,134,95,115,274,191,295,358
2021년04월_여_80~89세,"2,954",773,139,158,154,150,166,108,142,124,106,197,164,255,318
2021년04월_여_90~99세,538,127,24,29,33,31,38,19,31,26,22,34,32,44,48
2021년04월_여_100세 이상,13,3,1,0,1,1,0,0,1,1,1,0,1,1,2
2021년05월_계_총인구수,"50,987","24,276","1,752","1,853","2,724","1,589","1,666",861,"1,427","1,109","1,016","3,592","1,736","3,073","4,313"
2021년05월_계_연령구간인구수,"50,987","24,276","1,752","1,853","2,724","1,589","1,666",861,"1,427","1,109","1,016","3,592","1,736","3,073","4,313"
2021년05월_계_0~9세,"2,429","1,756",42,25,99,24,32,13,37,22,26,145,16,64,128
2021년05월_계_10~19세,"4,159","2,678",78,109,181,67,60,28,58,71,31,312,54,141,291
2021년05월_계_20~29세,"3,817","2,232",83,83,232,69,78,45,100,57,50,257,76,173,282
2021년05월_계_30~39세,"3,665","2,280",85,87,188,64,72,34,70,40,40,222,60,150,273
2021년05월_계_40~49세,"6,206","3,684",165,138,290,134,124,49,119,74,65,384,166,283,531
2021년05월_계_50~59세,"8,986","4,288",290,290,485,277,293,110,250,168,179,637,336,568,815
2021년05월_계_60~69세,"9,975","3,852",460,455,594,370,417,211,324,279,247,796,410,717,843
2021년05월_계_70~79세,"6,768","2,220",321,392,375,317,299,198,231,181,195,509,336,565,629
2021년05월_계_80~89세,"4,310","1,128",197,235,238,227,238,152,201,181,153,292,245,360,463
2021년05월_계_90~99세,657,154,30,39,41,39,53,21,36,35,28,38,36,51,56
2021년05월_계_100세 이상,15,4,1,0,1,1,0,0,1,1,2,0,1,1,2
2021년05월_남_총인구수,"25,578","12,191",897,909,"1,414",781,853,382,698,543,509,"1,745",865,"1,589","2,202"
2021년05월_남_연령구간인구수,"25,578","12,191",897,909,"1,414",781,853,382,698,543,509,"1,745",865,"1,589","2,202"
2021년05월_남_0~9세,"1,217",899,21,11,46,13,15,8,13,11,12,67,5,32,64
2021년05월_남_10~19세,"2,275","1,485",47,61,94,37,35,13,30,36,15,155,28,80,159
2021년05월_남_20~29세,"2,254","1,298",54,54,148,45,42,23,66,34,34,133,49,99,175
2021년05월_남_30~39세,"2,026","1,191",56,50,117,34,51,17,43,24,27,112,40,100,164
2021년05월_남_40~49세,"3,447","1,920",97,95,173,81,74,27,76,48,38,201,96,199,322
2021년05월_남_50~59세,"4,903","2,237",168,166,254,144,173,59,140,97,110,337,199,337,482
2021년05월_남_60~69세,"4,990","1,838",243,209,315,202,230,102,171,142,140,403,221,364,410
2021년05월_남_70~79세,"3,012",949,149,179,176,141,145,88,98,85,79,235,146,269,273
2021년05월_남_80~89세,"1,337",346,58,74,82,76,73,43,58,58,47,97,77,103,145
2021년05월_남_90~99세,115,27,4,10,9,8,15,2,3,8,6,5,4,6,8
2021년05월_남_100세 이상,2,1,0,0,0,0,0,0,0,0,1,0,0,0,0
2021년05월_여_총인구수,"25,409","12,085",855,944,"1,310",808,813,479,729,566,507,"1,847",871,"1,484","2,111"
2021년05월_여_연령구간인구수,"25,409","12,085",855,944,"1,310",808,813,479,729,566,507,"1,847",871,"1,484","2,111"
2021년05월_여_0~9세,"1,212",857,21,14,53,11,17,5,24,11,14,78,11,32,64
2021년05월_여_10~19세,"1,884","1,193",31,48,87,30,25,15,28,35,16,157,26,61,132
2021년05월_여_20~29세,"1,563",934,29,29,84,24,36,22,34,23,16,124,27,74,107
2021년05월_여_30~39세,"1,639","1,089",29,37,71,30,21,17,27,16,13,110,20,50,109
2021년05월_여_40~49세,"2,759","1,764",68,43,117,53,50,22,43,26,27,183,70,84,209
2021년05월_여_50~59세,"4,083","2,051",122,124,231,133,120,51,110,71,69,300,137,231,333
2021년05월_여_60~69세,"4,985","2,014",217,246,279,168,187,109,153,137,107,393,189,353,433
2021년05월_여_70~79세,"3,756","1,271",172,213,199,176,154,110,133,96,116,274,190,296,356
2021년05월_여_80~89세,"2,973",782,139,161,156,151,165,109,143,123,106,195,168,257,318
2021년05월_여_90~99세,542,127,26,29,32,31,38,19,33,27,22,33,32,45,48
2021년05월_여_100세 이상,13,3,1,0,1,1,0,0,1,1,1,0,1,1,2
2021년06월_계_총인구수,"50,933","24,207","1,764","1,854","2,719","1,590","1,666",857,"1,432","1,109","1,026","3,587","1,743","3,067","4,312"
2021년06월_계_연령구간인구수,"50,933","24,207","1,764","1,854","2,719","1,590","1,666",857,"1,432","1,109","1,026","3,587","1,743","3,067","4,312"
2021년06월_계_0~9세,"2,409","1,737",41,25,100,23,32,13,37,22,26,145,16,61,131
2021년06월_계_10~19세,"4,151","2,670",77,108,179,68,64,28,58,71,32,313,55,141,287
2021년06월_계_20~29세,"3,815","2,232",84,86,230,68,77,44,100,57,52,250,79,173,283
2021년06월_계_30~39세,"3,641","2,259",86,89,186,64,71,34,69,40,42,219,63,147,272
2021년06월_계_40~49세,"6,185","3,664",170,137,286,135,124,48,121,74,65,389,165,275,532
2021년06월_계_50~59세,"8,944","4,266",293,288,484,274,297,110,248,167,175,637,331,563,811
2021년06월_계_60~69세,"10,045","3,875",460,456,598,371,413,211,329,281,255,798,416,731,851
2021년06월_계_70~79세,"6,748","2,212",324,391,375,319,297,193,231,181,194,505,337,561,628
2021년06월_계_80~89세,"4,325","1,134",197,236,238,228,239,155,201,181,155,293,243,364,461
2021년06월_계_90~99세,655,154,31,38,42,39,52,21,37,34,28,38,37,50,54
2021년06월_계_100세 이상,15,4,1,0,1,1,0,0,1,1,2,0,1,1,2
2021년06월_남_총인구수,"25,551","12,147",911,907,"1,404",782,852,382,701,543,519,"1,746",865,"1,587","2,205"
2021년06월_남_연령구간인구수,"25,551","12,147",911,907,"1,404",782,852,382,701,543,519,"1,746",865,"1,587","2,205"
2021년06월_남_0~9세,"1,205",889,21,11,45,12,15,8,13,11,12,67,6,29,66
2021년06월_남_10~19세,"2,271","1,479",46,60,92,38,39,13,30,36,16,156,28,80,158
2021년06월_남_20~29세,"2,248","1,292",56,56,146,44,41,23,65,34,36,133,49,99,174
2021년06월_남_30~39세,"2,015","1,182",58,50,114,33,51,17,42,24,28,112,41,98,165
2021년06월_남_40~49세,"3,438","1,910",101,93,174,82,72,26,78,49,39,203,95,195,321
2021년06월_남_50~59세,"4,878","2,226",171,165,247,143,174,60,139,95,107,338,195,337,481
2021년06월_남_60~69세,"5,035","1,847",245,210,316,203,230,102,174,144,148,403,225,374,414
2021년06월_남_70~79세,"3,001",943,151,178,179,142,142,87,99,83,78,234,146,266,273
2021년06월_남_80~89세,"1,343",350,57,74,82,77,73,44,58,59,48,95,76,105,145
2021년06월_남_90~99세,115,28,5,10,9,8,15,2,3,8,6,5,4,4,8
2021년06월_남_100세 이상,2,1,0,0,0,0,0,0,0,0,1,0,0,0,0
2021년06월_여_총인구수,"25,382","12,060",853,947,"1,315",808,814,475,731,566,507,"1,841",878,"1,480","2,107"
2021년06월_여_연령구간인구수,"25,382","12,060",853,947,"1,315",808,814,475,731,566,507,"1,841",878,"1,480","2,107"
2021년06월_여_0~9세,"1,204",848,20,14,55,11,17,5,24,11,14,78,10,32,65
2021년06월_여_10~19세,"1,880","1,191",31,48,87,30,25,15,28,35,16,157,27,61,129
2021년06월_여_20~29세,"1,567",940,28,30,84,24,36,21,35,23,16,117,30,74,109
2021년06월_여_30~39세,"1,626","1,077",28,39,72,31,20,17,27,16,14,107,22,49,107
2021년06월_여_40~49세,"2,747","1,754",69,44,112,53,52,22,43,25,26,186,70,80,211
2021년06월_여_50~59세,"4,066","2,040",122,123,237,131,123,50,109,72,68,299,136,226,330
2021년06월_여_60~69세,"5,010","2,028",215,246,282,168,183,109,155,137,107,395,191,357,437
2021년06월_여_70~79세,"3,747","1,269",173,213,196,177,155,106,132,98,116,271,191,295,355
2021년06월_여_80~89세,"2,982",784,140,162,156,151,166,111,143,122,107,198,167,259,316
2021년06월_여_90~99세,540,126,26,28,33,31,37,19,34,26,22,33,33,46,46
2021년06월_여_100세 이상,13,3,1,0,1,1,0,0,1,1,1,0,1,1,2
2021년07월_계_총인구수,"50,894","24,200","1,766","1,855","2,718","1,592","1,655",857,"1,436","1,108","1,027","3,579","1,740","3,058","4,303"
2021년07월_계_연령구간인구수,"50,894","24,200","1,766","1,855","2,718","1,592","1,655",857,"1,436","1,108","1,027","3,579","1,740","3,058","4,303"
2021년07월_계_0~9세,"2,386","1,716",40,25,97,22,32,13,39,22,25,143,20,62,130
2021년07월_계_10~19세,"4,147","2,672",78,108,180,70,62,28,58,71,31,313,55,139,282
2021년07월_계_20~29세,"3,808","2,233",84,86,228,67,75,45,99,55,54,249,75,174,284
2021년07월_계_30~39세,"3,626","2,246",86,90,185,67,70,33,70,41,42,216,63,147,270
2021년07월_계_40~49세,"6,152","3,657",168,139,285,134,119,49,125,72,65,386,163,268,522
2021년07월_계_50~59세,"8,933","4,277",294,290,483,273,297,110,243,165,170,630,330,560,811
2021년07월_계_60~69세,"10,103","3,892",465,454,601,374,416,210,334,285,260,803,420,732,857
2021년07월_계_70~79세,"6,736","2,213",322,390,374,317,293,192,226,180,195,508,334,559,633
2021년07월_계_80~89세,"4,331","1,133",199,237,243,229,240,156,204,181,155,290,243,363,458
2021년07월_계_90~99세,657,157,29,36,41,38,51,21,37,35,28,41,36,53,54
2021년07월_계_100세 이상,15,4,1,0,1,1,0,0,1,1,2,0,1,1,2
2021년07월_남_총인구수,"25,537","12,151",914,910,"1,400",785,844,385,702,542,520,"1,738",865,"1,580","2,201"
2021년07월_남_연령구간인구수,"25,537","12,151",914,910,"1,400",785,844,385,702,542,520,"1,738",865,"1,580","2,201"
2021년07월_남_0~9세,"1,196",878,20,11,45,11,15,8,15,11,11,66,9,31,65
2021년07월_남_10~19세,"2,265","1,476",47,61,91,40,38,13,31,36,16,157,27,78,154
2021년07월_남_20~29세,"2,245","1,296",56,56,144,44,39,25,64,33,36,130,48,101,173
2021년07월_남_30~39세,"2,016","1,180",58,51,115,34,51,16,41,25,28,111,42,98,166
2021년07월_남_40~49세,"3,419","1,904",100,95,173,83,69,27,80,48,39,201,94,190,316
2021년07월_남_50~59세,"4,867","2,228",174,165,245,143,173,62,137,93,103,333,195,335,481
2021년07월_남_60~69세,"5,064","1,860",246,211,314,204,230,101,175,147,152,406,226,374,418
2021년07월_남_70~79세,"3,001",949,150,178,180,140,139,86,96,82,80,235,145,265,276
2021년07월_남_80~89세,"1,348",350,59,73,85,78,75,45,60,59,48,93,75,104,144
2021년07월_남_90~99세,114,29,4,9,8,8,15,2,3,8,6,6,4,4,8
2021년07월_남_100세 이상,2,1,0,0,0,0,0,0,0,0,1,0,0,0,0
2021년07월_여_총인구수,"25,357","12,049",852,945,"1,318",807,811,472,734,566,507,"1,841",875,"1,478","2,102"
2021년07월_여_연령구간인구수,"25,357","12,049",852,945,"1,318",807,811,472,734,566,507,"1,841",875,"1,478","2,102"
2021년07월_여_0~9세,"1,190",838,20,14,52,11,17,5,24,11,14,77,11,31,65
2021년07월_여_10~19세,"1,882","1,196",31,47,89,30,24,15,27,35,15,156,28,61,128
2021년07월_여_20~29세,"1,563",937,28,30,84,23,36,20,35,22,18,119,27,73,111
2021년07월_여_30~39세,"1,610","1,066",28,39,70,33,19,17,29,16,14,105,21,49,104
2021년07월_여_40~49세,"2,733","1,753",68,44,112,51,50,22,45,24,26,185,69,78,206
2021년07월_여_50~59세,"4,066","2,049",120,125,238,130,124,48,106,72,67,297,135,225,330
2021년07월_여_60~69세,"5,039","2,032",219,243,287,170,186,109,159,138,108,397,194,358,439
2021년07월_여_70~79세,"3,735","1,264",172,212,194,177,154,106,130,98,115,273,189,294,357
2021년07월_여_80~89세,"2,983",783,140,164,158,151,165,111,144,122,107,197,168,259,314
2021년07월_여_90~99세,543,128,25,27,33,30,36,19,34,27,22,35,32,49,46
2021년07월_여_100세 이상,13,3,1,0,1,1,0,0,1,1,1,0,1,1,2
2021년08월_계_총인구수,"50,803","24,161","1,773","1,844","2,702","1,598","1,645",860,"1,428","1,110","1,022","3,562","1,738","3,057","4,303"
2021년08월_계_연령구간인구수,"50,803","24,161","1,773","1,844","2,702","1,598","1,645",860,"1,428","1,110","1,022","3,562","1,738","3,057","4,303"
2021년08월_계_0~9세,"2,362","1,702",40,25,94,22,32,12,39,21,25,143,19,59,129
2021년08월_계_10~19세,"4,140","2,669",80,106,180,70,57,28,57,72,31,312,55,142,281
2021년08월_계_20~29세,"3,769","2,223",79,86,225,69,73,44,95,54,51,241,73,174,282
2021년08월_계_30~39세,"3,593","2,229",87,85,178,70,67,33,69,40,43,216,62,149,265
2021년08월_계_40~49세,"6,098","3,632",169,134,284,132,115,49,125,73,63,378,164,262,518
2021년08월_계_50~59세,"8,918","4,277",291,287,480,268,296,109,241,166,168,632,329,559,815
2021년08월_계_60~69세,"10,140","3,898",473,456,599,380,420,212,337,286,258,801,419,736,865
2021년08월_계_70~79세,"6,761","2,237",322,393,377,317,292,195,221,181,197,507,335,553,634
2021년08월_계_80~89세,"4,348","1,129",203,237,245,231,243,157,205,180,156,292,245,368,457
2021년08월_계_90~99세,658,161,28,35,39,38,50,21,38,36,28,40,35,54,55
2021년08월_계_100세 이상,16,4,1,0,1,1,0,0,1,1,2,0,2,1,2
2021년08월_남_총인구수,"25,509","12,142",916,905,"1,394",791,838,386,701,543,516,"1,730",863,"1,579","2,205"
2021년08월_남_연령구간인구수,"25,509","12,142",916,905,"1,394",791,838,386,701,543,516,"1,730",863,"1,579","2,205"
2021년08월_남_0~9세,"1,186",871,20,11,45,11,15,7,15,11,11,66,9,29,65
2021년08월_남_10~19세,"2,263","1,476",48,60,91,40,33,13,31,36,16,156,27,80,156
2021년08월_남_20~29세,"2,227","1,294",53,57,143,47,37,24,61,33,34,126,46,102,170
2021년08월_남_30~39세,"2,004","1,172",58,48,110,37,50,16,42,24,29,113,41,98,166
2021년08월_남_40~49세,"3,400","1,901",101,91,173,82,68,27,79,49,37,197,94,188,313
2021년08월_남_50~59세,"4,853","2,220",172,164,243,142,174,61,139,93,102,333,195,333,482
2021년08월_남_60~69세,"5,085","1,866",249,214,314,205,231,103,175,147,151,405,224,377,424
2021년08월_남_70~79세,"3,021",965,151,178,180,141,139,88,95,82,82,234,146,264,276
2021년08월_남_80~89세,"1,356",347,60,73,87,78,76,45,61,60,48,95,77,104,145
2021년08월_남_90~99세,112,29,4,9,8,8,15,2,3,8,5,5,4,4,8
2021년08월_남_100세 이상,2,1,0,0,0,0,0,0,0,0,1,0,0,0,0
2021년08월_여_총인구수,"25,294","12,019",857,939,"1,308",807,807,474,727,567,506,"1,832",875,"1,478","2,098"
2021년08월_여_연령구간인구수,"25,294","12,019",857,939,"1,308",807,807,474,727,567,506,"1,832",875,"1,478","2,098"
2021년08월_여_0~9세,"1,176",831,20,14,49,11,17,5,24,10,14,77,10,30,64
2021년08월_여_10~19세,"1,877","1,193",32,46,89,30,24,15,26,36,15,156,28,62,125
2021년08월_여_20~29세,"1,542",929,26,29,82,22,36,20,34,21,17,115,27,72,112
2021년08월_여_30~39세,"1,589","1,057",29,37,68,33,17,17,27,16,14,103,21,51,99
2021년08월_여_40~49세,"2,698","1,731",68,43,111,50,47,22,46,24,26,181,70,74,205
2021년08월_여_50~59세,"4,065","2,057",119,123,237,126,122,48,102,73,66,299,134,226,333
2021년08월_여_60~69세,"5,055","2,032",224,242,285,175,189,109,162,139,107,396,195,359,441
2021년08월_여_70~79세,"3,740","1,272",171,215,197,176,153,107,126,99,115,273,189,289,358
2021년08월_여_80~89세,"2,992",782,143,164,158,153,167,112,144,120,108,197,168,264,312
2021년08월_여_90~99세,546,132,24,26,31,30,35,19,35,28,23,35,31,50,47
2021년08월_여_100세 이상,14,3,1,0,1,1,0,0,1,1,1,0,2,1,2
2021년09월_계_총인구수,"50,732","24,135","1,773","1,840","2,692","1,591","1,643",855,"1,424","1,103","1,019","3,560","1,735","3,053","4,309"
2021년09월_계_연령구간인구수,"50,732","24,135","1,773","1,840","2,692","1,591","1,643",855,"1,424","1,103","1,019","3,560","1,735","3,053","4,309"
2021년09월_계_0~9세,"2,350","1,689",42,23,97,20,33,11,42,21,26,139,19,57,131
2021년09월_계_10~19세,"4,129","2,671",80,103,179,69,59,27,56,69,30,313,54,142,277
2021년09월_계_20~29세,"3,737","2,213",79,86,218,67,69,44,91,53,48,240,73,174,282
2021년09월_계_30~39세,"3,541","2,197",88,86,172,70,65,33,70,39,40,213,60,148,260
2021년09월_계_40~49세,"6,059","3,606",170,131,285,128,117,50,120,75,65,372,164,253,523
2021년09월_계_50~59세,"8,940","4,293",289,287,478,268,289,106,243,165,169,636,330,563,824
2021년09월_계_60~69세,"10,156","3,911",471,457,598,383,426,213,339,283,257,803,416,736,863
2021년09월_계_70~79세,"6,777","2,248",321,396,382,317,293,192,219,182,197,510,338,551,631
2021년09월_계_80~89세,"4,362","1,141",205,235,241,230,241,159,201,180,158,293,243,374,461
2021년09월_계_90~99세,665,162,27,36,41,38,51,20,42,35,27,41,36,54,55
2021년09월_계_100세 이상,16,4,1,0,1,1,0,0,1,1,2,0,2,1,2
2021년09월_남_총인구수,"25,444","12,112",916,902,"1,382",789,831,384,700,539,514,"1,725",861,"1,577","2,212"
2021년09월_남_연령구간인구수,"25,444","12,112",916,902,"1,382",789,831,384,700,539,514,"1,725",861,"1,577","2,212"
2021년09월_남_0~9세,"1,186",862,20,12,49,11,16,7,16,11,11,66,9,29,67
2021년09월_남_10~19세,"2,252","1,475",48,56,91,38,33,13,30,36,16,155,26,81,154
2021년09월_남_20~29세,"2,201","1,284",53,56,133,47,34,24,60,32,31,126,47,103,171
2021년09월_남_30~39세,"1,975","1,156",60,48,105,38,49,17,43,24,27,111,38,96,163
2021년09월_남_40~49세,"3,357","1,880",102,87,172,79,67,27,75,49,40,193,91,180,315
2021년09월_남_50~59세,"4,880","2,239",171,166,242,143,170,59,141,93,101,332,197,337,489
2021년09월_남_60~69세,"5,081","1,857",246,217,311,206,234,104,176,146,152,406,224,377,425
2021년09월_남_70~79세,"3,029",974,150,177,184,140,139,86,95,81,81,236,148,262,276
2021년09월_남_80~89세,"1,367",354,62,74,87,79,74,45,59,60,49,95,77,108,144
2021년09월_남_90~99세,114,30,4,9,8,8,15,2,5,7,5,5,4,4,8
2021년09월_남_100세 이상,2,1,0,0,0,0,0,0,0,0,1,0,0,0,0
2021년09월_여_총인구수,"25,288","12,023",857,938,"1,310",802,812,471,724,564,505,"1,835",874,"1,476","2,097"
2021년09월_여_연령구간인구수,"25,288","12,023",857,938,"1,310",802,812,471,724,564,505,"1,835",874,"1,476","2,097"
2021년09월_여_0~9세,"1,164",827,22,11,48,9,17,4,26,10,15,73,10,28,64
2021년09월_여_10~19세,"1,877","1,196",32,47,88,31,26,14,26,33,14,158,28,61,123
2021년09월_여_20~29세,"1,536",929,26,30,85,20,35,20,31,21,17,114,26,71,111
2021년09월_여_30~39세,"1,566","1,041",28,38,67,32,16,16,27,15,13,102,22,52,97
2021년09월_여_40~49세,"2,702","1,726",68,44,113,49,50,23,45,26,25,179,73,73,208
2021년09월_여_50~59세,"4,060","2,054",118,121,236,125,119,47,102,72,68,304,133,226,335
2021년09월_여_60~69세,"5,075","2,054",225,240,287,177,192,109,163,137,105,397,192,359,438
2021년09월_여_70~79세,"3,748","1,274",171,219,198,177,154,106,124,101,116,274,190,289,355
2021년09월_여_80~89세,"2,995",787,143,161,154,151,167,114,142,120,109,198,166,266,317
2021년09월_여_90~99세,551,132,23,27,33,30,36,18,37,28,22,36,32,50,47
2021년09월_여_100세 이상,14,3,1,0,1,1,0,0,1,1,1,0,2,1,2
2021년10월_계_총인구수,"50,634","24,085","1,766","1,836","2,678","1,585","1,645",853,"1,431","1,101","1,016","3,545","1,726","3,054","4,313"
2021년10월_계_연령구간인구수,"50,634","24,085","1,766","1,836","2,678","1,585","1,645",853,"1,431","1,101","1,016","3,545","1,726","3,054","4,313"
2021년10월_계_0~9세,"2,325","1,667",40,23,97,20,33,11,41,23,26,139,18,56,131
2021년10월_계_10~19세,"4,114","2,665",81,100,176,67,60,28,57,69,29,310,50,145,277
2021년10월_계_20~29세,"3,689","2,186",77,91,212,67,66,42,94,54,47,234,71,167,281
2021년10월_계_30~39세,"3,495","2,173",88,83,168,68,63,32,70,38,37,213,59,152,251
2021년10월_계_40~49세,"6,037","3,600",168,128,286,123,119,49,119,77,66,365,162,252,523
2021년10월_계_50~59세,"8,975","4,314",287,288,474,271,290,107,248,161,170,640,334,561,830
2021년10월_계_60~69세,"10,167","3,913",470,457,598,385,430,214,339,282,259,802,414,733,871
2021년10월_계_70~79세,"6,770","2,254",320,392,383,319,289,192,219,180,194,511,335,553,629
2021년10월_계_80~89세,"4,370","1,146",206,237,241,226,242,158,200,183,159,289,244,376,463
2021년10월_계_90~99세,676,163,28,37,42,38,53,20,43,33,27,42,37,58,55
2021년10월_계_100세 이상,16,4,1,0,1,1,0,0,1,1,2,0,2,1,2
2021년10월_남_총인구수,"25,379","12,080",911,899,"1,373",786,834,381,704,540,514,"1,715",857,"1,577","2,208"
2021년10월_남_연령구간인구수,"25,379","12,080",911,899,"1,373",786,834,381,704,540,514,"1,715",857,"1,577","2,208"
2021년10월_남_0~9세,"1,171",853,19,12,49,11,16,7,15,12,11,65,9,27,65
2021년10월_남_10~19세,"2,244","1,470",48,56,91,38,33,13,30,36,15,154,23,84,153
2021년10월_남_20~29세,"2,172","1,266",52,56,130,47,34,22,63,33,31,123,44,101,170
2021년10월_남_30~39세,"1,938","1,134",61,47,101,37,47,16,42,23,24,113,38,98,157
2021년10월_남_40~49세,"3,346","1,880",102,82,172,75,68,26,74,51,41,189,90,180,316
2021년10월_남_50~59세,"4,902","2,258",166,167,243,144,172,61,143,89,102,334,199,334,490
2021년10월_남_60~69세,"5,083","1,853",247,219,308,206,237,104,177,149,154,403,222,374,430
2021년10월_남_70~79세,"3,043",983,150,176,184,142,137,85,97,80,79,238,152,264,276
2021년10월_남_80~89세,"1,361",355,61,75,87,78,73,45,57,60,51,91,76,110,142
2021년10월_남_90~99세,117,27,5,9,8,8,17,2,6,7,5,5,4,5,9
2021년10월_남_100세 이상,2,1,0,0,0,0,0,0,0,0,1,0,0,0,0
2021년10월_여_총인구수,"25,255","12,005",855,937,"1,305",799,811,472,727,561,502,"1,830",869,"1,477","2,105"
2021년10월_여_연령구간인구수,"25,255","12,005",855,937,"1,305",799,811,472,727,561,502,"1,830",869,"1,477","2,105"
2021년10월_여_0~9세,"1,154",814,21,11,48,9,17,4,26,11,15,74,9,29,66
2021년10월_여_10~19세,"1,870","1,195",33,44,85,29,27,15,27,33,14,156,27,61,124
2021년10월_여_20~29세,"1,517",920,25,35,82,20,32,20,31,21,16,111,27,66,111
2021년10월_여_30~39세,"1,557","1,039",27,36,67,31,16,16,28,15,13,100,21,54,94
2021년10월_여_40~49세,"2,691","1,720",66,46,114,48,51,23,45,26,25,176,72,72,207
2021년10월_여_50~59세,"4,073","2,056",121,121,231,127,118,46,105,72,68,306,135,227,340
2021년10월_여_60~69세,"5,084","2,060",223,238,290,179,193,110,162,133,105,399,192,359,441
2021년10월_여_70~79세,"3,727","1,271",170,216,199,177,152,107,122,100,115,273,183,289,353
2021년10월_여_80~89세,"3,009",791,145,162,154,148,169,113,143,123,108,198,168,266,321
2021년10월_여_90~99세,559,136,23,28,34,30,36,18,37,26,22,37,33,53,46
2021년10월_여_100세 이상,14,3,1,0,1,1,0,0,1,1,1,0,2,1,2
2021년11월_계_총인구수,"50,558","24,057","1,764","1,833","2,676","1,584","1,639",855,"1,418","1,096","1,019","3,539","1,725","3,041","4,312"
2021년11월_계_연령구간인구수,"50,558","24,057","1,764","1,833","2,676","1,584","1,639",855,"1,418","1,096","1,019","3,539","1,725","3,041","4,312"
2021년11월_계_0~9세,"2,298","1,646",40,23,97,20,34,11,40,22,24,139,17,53,132
2021년11월_계_10~19세,"4,112","2,664",82,101,175,67,60,29,56,69,31,317,48,140,273
2021년11월_계_20~29세,"3,672","2,178",74,91,211,68,66,42,88,54,48,229,72,167,284
2021년11월_계_30~39세,"3,458","2,152",88,81,166,67,63,31,69,38,40,213,58,140,252
2021년11월_계_40~49세,"6,038","3,604",169,133,288,122,119,51,116,76,66,359,159,254,522
2021년11월_계_50~59세,"8,967","4,326",285,285,466,271,284,106,244,160,168,637,342,564,829
2021년11월_계_60~69세,"10,170","3,915",466,456,605,388,430,214,339,285,262,799,411,728,872
2021년11월_계_70~79세,"6,746","2,254",320,389,380,315,287,191,222,173,194,514,331,553,623
2021년11월_계_80~89세,"4,387","1,144",210,239,245,223,244,158,202,184,155,290,246,382,465
2021년11월_계_90~99세,694,170,29,35,42,42,52,22,41,34,29,42,39,59,58
2021년11월_계_100세 이상,16,4,1,0,1,1,0,0,1,1,2,0,2,1,2
2021년11월_남_총인구수,"25,327","12,052",907,898,"1,371",786,832,382,696,538,515,"1,714",856,"1,569","2,211"
2021년11월_남_연령구간인구수,"25,327","12,052",907,898,"1,371",786,832,382,696,538,515,"1,714",856,"1,569","2,211"
2021년11월_남_0~9세,"1,153",840,19,12,49,11,17,7,14,12,9,64,8,24,67
2021년11월_남_10~19세,"2,245","1,472",48,57,90,38,32,14,29,36,17,160,22,81,149
2021년11월_남_20~29세,"2,165","1,261",52,56,130,46,34,21,60,33,31,122,44,102,173
2021년11월_남_30~39세,"1,906","1,116",61,45,100,37,47,16,41,23,26,112,37,89,156
2021년11월_남_40~49세,"3,336","1,876",101,86,172,73,68,26,72,50,40,185,89,182,316
2021년11월_남_50~59세,"4,909","2,269",165,165,238,145,169,62,139,89,101,335,202,341,489
2021년11월_남_60~69세,"5,088","1,853",244,218,313,208,239,104,178,150,156,399,222,372,432
2021년11월_남_70~79세,"3,037",977,151,177,183,143,135,84,99,78,79,241,150,262,278
2021년11월_남_80~89세,"1,367",359,61,74,88,76,75,46,58,60,50,91,77,110,142
2021년11월_남_90~99세,119,28,5,8,8,9,16,2,6,7,5,5,5,6,9
2021년11월_남_100세 이상,2,1,0,0,0,0,0,0,0,0,1,0,0,0,0
2021년11월_여_총인구수,"25,231","12,005",857,935,"1,305",798,807,473,722,558,504,"1,825",869,"1,472","2,101"
2021년11월_여_연령구간인구수,"25,231","12,005",857,935,"1,305",798,807,473,722,558,504,"1,825",869,"1,472","2,101"
2021년11월_여_0~9세,"1,145",806,21,11,48,9,17,4,26,10,15,75,9,29,65
2021년11월_여_10~19세,"1,867","1,192",34,44,85,29,28,15,27,33,14,157,26,59,124
2021년11월_여_20~29세,"1,507",917,22,35,81,22,32,21,28,21,17,107,28,65,111
2021년11월_여_30~39세,"1,552","1,036",27,36,66,30,16,15,28,15,14,101,21,51,96
2021년11월_여_40~49세,"2,702","1,728",68,47,116,49,51,25,44,26,26,174,70,72,206
2021년11월_여_50~59세,"4,058","2,057",120,120,228,126,115,44,105,71,67,302,140,223,340
2021년11월_여_60~69세,"5,082","2,062",222,238,292,180,191,110,161,135,106,400,189,356,440
2021년11월_여_70~79세,"3,709","1,277",169,212,197,172,152,107,123,95,115,273,181,291,345
2021년11월_여_80~89세,"3,020",785,149,165,157,147,169,112,144,124,105,199,169,272,323
2021년11월_여_90~99세,575,142,24,27,34,33,36,20,35,27,24,37,34,53,49
2021년11월_여_100세 이상,14,3,1,0,1,1,0,0,1,1,1,0,2,1,2
2021년12월_계_총인구수,"50,478","23,986","1,769","1,821","2,671","1,590","1,638",861,"1,411","1,094","1,022","3,534","1,723","3,052","4,306"
2021년12월_계_연령구간인구수,"50,478","23,986","1,769","1,821","2,671","1,590","1,638",861,"1,411","1,094","1,022","3,534","1,723","3,052","4,306"
2021년12월_계_0~9세,"2,277","1,631",40,24,98,20,32,11,37,22,26,137,17,51,131
2021년12월_계_10~19세,"4,058","2,634",79,96,172,64,56,29,57,66,31,311,47,142,274
2021년12월_계_20~29세,"3,688","2,186",76,89,212,72,67,43,84,55,46,233,73,168,284
2021년12월_계_30~39세,"3,408","2,114",89,78,163,69,61,32,67,40,40,213,56,140,246
2021년12월_계_40~49세,"6,031","3,603",170,131,289,120,119,51,113,74,66,358,159,256,522
2021년12월_계_50~59세,"8,946","4,310",286,283,473,270,283,110,245,157,169,633,342,564,821
2021년12월_계_60~69세,"10,190","3,919",464,455,598,390,435,214,344,286,264,802,409,735,875
2021년12월_계_70~79세,"6,763","2,261",325,385,378,320,288,191,219,176,193,512,335,550,630
2021년12월_계_80~89세,"4,398","1,150",210,243,244,223,245,158,203,183,153,293,244,387,462
2021년12월_계_90~99세,704,174,29,37,43,41,52,22,41,34,32,42,39,58,60
2021년12월_계_100세 이상,15,4,1,0,1,1,0,0,1,1,2,0,2,1,1
2021년12월_남_총인구수,"25,297","12,022",911,887,"1,367",791,834,389,691,540,516,"1,719",857,"1,573","2,200"
2021년12월_남_연령구간인구수,"25,297","12,022",911,887,"1,367",791,834,389,691,540,516,"1,719",857,"1,573","2,200"
2021년12월_남_0~9세,"1,148",838,19,12,49,11,17,7,12,12,10,63,8,23,67
2021년12월_남_10~19세,"2,206","1,444",47,53,89,37,29,14,30,34,17,161,21,83,147
2021년12월_남_20~29세,"2,181","1,273",53,54,131,48,36,22,57,35,28,125,45,102,172
2021년12월_남_30~39세,"1,885","1,102",61,43,97,39,45,18,39,25,26,112,36,89,153
2021년12월_남_40~49세,"3,323","1,869",103,85,171,71,70,26,70,49,40,184,91,182,312
2021년12월_남_50~59세,"4,918","2,272",165,163,244,147,169,65,139,89,104,333,201,343,484
2021년12월_남_60~69세,"5,094","1,853",244,218,308,208,242,104,181,150,155,402,222,372,435
2021년12월_남_70~79세,"3,054",984,153,176,183,145,135,85,98,79,79,243,152,261,281
2021년12월_남_80~89세,"1,364",358,61,74,87,76,75,46,59,58,50,91,76,113,140
2021년12월_남_90~99세,122,28,5,9,8,9,16,2,6,9,6,5,5,5,9
2021년12월_남_100세 이상,2,1,0,0,0,0,0,0,0,0,1,0,0,0,0
2021년12월_여_총인구수,"25,181","11,964",858,934,"1,304",799,804,472,720,554,506,"1,815",866,"1,479","2,106"
2021년12월_여_연령구간인구수,"25,181","11,964",858,934,"1,304",799,804,472,720,554,506,"1,815",866,"1,479","2,106"
2021년12월_여_0~9세,"1,129",793,21,12,49,9,15,4,25,10,16,74,9,28,64
2021년12월_여_10~19세,"1,852","1,190",32,43,83,27,27,15,27,32,14,150,26,59,127
2021년12월_여_20~29세,"1,507",913,23,35,81,24,31,21,27,20,18,108,28,66,112
2021년12월_여_30~39세,"1,523","1,012",28,35,66,30,16,14,28,15,14,101,20,51,93
2021년12월_여_40~49세,"2,708","1,734",67,46,118,49,49,25,43,25,26,174,68,74,210
2021년12월_여_50~59세,"4,028","2,038",121,120,229,123,114,45,106,68,65,300,141,221,337
2021년12월_여_60~69세,"5,096","2,066",220,237,290,182,193,110,163,136,109,400,187,363,440
2021년12월_여_70~79세,"3,709","1,277",172,209,195,175,153,106,121,97,114,269,183,289,349
2021년12월_여_80~89세,"3,034",792,149,169,157,147,170,112,144,125,103,202,168,274,322
2021년12월_여_90~99세,582,146,24,28,35,32,36,20,35,25,26,37,34,53,51
2021년12월_여_100세 이상,13,3,1,0,1,1,0,0,1,1,1,0,2,1,1
