카테고리,충청북도 괴산군,충청북도 괴산군 괴산읍,충청북도 괴산군 감물면,충청북도 괴산군 장연면,충청북도 괴산군 연풍면,충청북도 괴산군 칠성면,충청북도 괴산군 문광면,충청북도 괴산군 청천면,충청북도 괴산군 청안면,충청북도 괴산군 사리면,충청북도 괴산군 소수면,충청북도 괴산군 불정면
2020년01월_계_총인구수,"38,451","10,373","2,107","1,949","2,347","3,184","2,192","5,094","3,462","2,838","2,067","2,838"
2020년01월_계_연령구간인구수,"38,451","10,373","2,107","1,949","2,347","3,184","2,192","5,094","3,462","2,838","2,067","2,838"
2020년01월_계_0~9세,"1,383",694,58,30,34,90,58,125,90,78,45,81
2020년01월_계_10~19세,"2,243","1,020",133,60,104,152,105,222,126,138,60,123
2020년01월_계_20~29세,"3,330","1,460",139,121,148,242,143,302,249,231,131,164
2020년01월_계_30~39세,"2,660","1,087",111,95,107,205,116,264,188,194,127,166
2020년01월_계_40~49세,"4,010","1,495",198,168,198,345,202,409,296,287,172,240
2020년01월_계_50~59세,"7,591","1,670",436,462,486,718,465,"1,129",723,537,402,563
2020년01월_계_60~69세,"8,143","1,422",488,477,601,659,505,"1,265",862,618,562,684
2020년01월_계_70~79세,"5,486",988,305,303,398,482,337,865,524,464,328,492
2020년01월_계_80~89세,"3,163",484,209,203,239,264,224,440,349,263,202,286
2020년01월_계_90~99세,415,50,29,29,28,25,37,68,52,27,35,35
2020년01월_계_100세 이상,27,3,1,1,4,2,0,5,3,1,3,4
2020년01월_남_총인구수,"19,640","5,305","1,094",987,"1,214","1,592","1,092","2,609","1,772","1,452","1,071","1,452"
2020년01월_남_연령구간인구수,"19,640","5,305","1,094",987,"1,214","1,592","1,092","2,609","1,772","1,452","1,071","1,452"
2020년01월_남_0~9세,701,358,33,16,14,37,26,58,44,44,24,47
2020년01월_남_10~19세,"1,149",513,70,28,62,74,51,116,72,62,31,70
2020년01월_남_20~29세,"1,931",839,79,75,86,123,84,183,152,128,83,99
2020년01월_남_30~39세,"1,504",573,69,55,69,123,63,157,107,108,85,95
2020년01월_남_40~49세,"2,337",809,123,104,118,207,112,238,190,174,111,151
2020년01월_남_50~59세,"4,077",892,239,253,258,383,245,612,387,304,206,298
2020년01월_남_60~69세,"4,239",708,254,249,324,357,262,659,453,331,297,345
2020년01월_남_70~79세,"2,515",420,141,133,185,215,171,416,246,204,160,224
2020년01월_남_80~89세,"1,087",180,77,69,91,68,69,153,107,89,69,115
2020년01월_남_90~99세,93,13,9,5,6,5,9,15,13,7,5,6
2020년01월_남_100세 이상,7,0,0,0,1,0,0,2,1,1,0,2
2020년01월_여_총인구수,"18,811","5,068","1,013",962,"1,133","1,592","1,100","2,485","1,690","1,386",996,"1,386"
2020년01월_여_연령구간인구수,"18,811","5,068","1,013",962,"1,133","1,592","1,100","2,485","1,690","1,386",996,"1,386"
2020년01월_여_0~9세,682,336,25,14,20,53,32,67,46,34,21,34
2020년01월_여_10~19세,"1,094",507,63,32,42,78,54,106,54,76,29,53
2020년01월_여_20~29세,"1,399",621,60,46,62,119,59,119,97,103,48,65
2020년01월_여_30~39세,"1,156",514,42,40,38,82,53,107,81,86,42,71
2020년01월_여_40~49세,"1,673",686,75,64,80,138,90,171,106,113,61,89
2020년01월_여_50~59세,"3,514",778,197,209,228,335,220,517,336,233,196,265
2020년01월_여_60~69세,"3,904",714,234,228,277,302,243,606,409,287,265,339
2020년01월_여_70~79세,"2,971",568,164,170,213,267,166,449,278,260,168,268
2020년01월_여_80~89세,"2,076",304,132,134,148,196,155,287,242,174,133,171
2020년01월_여_90~99세,322,37,20,24,22,20,28,53,39,20,30,29
2020년01월_여_100세 이상,20,3,1,1,3,2,0,3,2,0,3,2
2020년02월_계_총인구수,"38,185","10,295","2,096","1,933","2,339","3,137","2,181","5,080","3,443","2,804","2,067","2,810"
2020년02월_계_연령구간인구수,"38,185","10,295","2,096","1,933","2,339","3,137","2,181","5,080","3,443","2,804","2,067","2,810"
2020년02월_계_0~9세,"1,364",687,58,32,37,88,55,123,87,75,43,79
2020년02월_계_10~19세,"2,196","1,004",131,57,99,151,103,217,126,128,60,120
2020년02월_계_20~29세,"3,210","1,414",130,116,142,226,145,296,232,224,126,159
2020년02월_계_30~39세,"2,618","1,081",107,95,107,200,106,258,192,189,127,156
2020년02월_계_40~49세,"3,978","1,488",200,167,198,329,201,406,293,284,174,238
2020년02월_계_50~59세,"7,542","1,659",432,450,480,716,466,"1,131",713,532,408,555
2020년02월_계_60~69세,"8,170","1,434",491,482,603,657,504,"1,268",867,619,559,686
2020년02월_계_70~79세,"5,460",980,306,300,395,479,341,866,522,461,327,483
2020년02월_계_80~89세,"3,195",495,212,204,243,263,221,439,355,266,202,295
2020년02월_계_90~99세,425,50,28,29,31,26,39,71,53,25,38,35
2020년02월_계_100세 이상,27,3,1,1,4,2,0,5,3,1,3,4
2020년02월_남_총인구수,"19,500","5,252","1,093",983,"1,211","1,564","1,093","2,606","1,758","1,436","1,066","1,438"
2020년02월_남_연령구간인구수,"19,500","5,252","1,093",983,"1,211","1,564","1,093","2,606","1,758","1,436","1,066","1,438"
2020년02월_남_0~9세,691,353,32,17,17,37,25,56,43,43,22,46
2020년02월_남_10~19세,"1,120",505,68,27,57,73,49,115,70,57,31,68
2020년02월_남_20~29세,"1,869",809,76,73,85,111,88,182,142,128,79,96
2020년02월_남_30~39세,"1,474",565,66,55,67,119,60,152,107,106,85,92
2020년02월_남_40~49세,"2,309",803,126,101,119,197,110,235,187,171,112,148
2020년02월_남_50~59세,"4,063",889,238,249,256,384,245,618,384,299,208,293
2020년02월_남_60~69세,"4,261",715,257,253,327,355,265,659,455,332,295,348
2020년02월_남_70~79세,"2,497",414,141,133,182,213,173,418,244,203,158,218
2020년02월_남_80~89세,"1,115",186,80,70,93,70,69,154,112,90,70,121
2020년02월_남_90~99세,94,13,9,5,7,5,9,15,13,6,6,6
2020년02월_남_100세 이상,7,0,0,0,1,0,0,2,1,1,0,2
2020년02월_여_총인구수,"18,685","5,043","1,003",950,"1,128","1,573","1,088","2,474","1,685","1,368","1,001","1,372"
2020년02월_여_연령구간인구수,"18,685","5,043","1,003",950,"1,128","1,573","1,088","2,474","1,685","1,368","1,001","1,372"
2020년02월_여_0~9세,673,334,26,15,20,51,30,67,44,32,21,33
2020년02월_여_10~19세,"1,076",499,63,30,42,78,54,102,56,71,29,52
2020년02월_여_20~29세,"1,341",605,54,43,57,115,57,114,90,96,47,63
2020년02월_여_30~39세,"1,144",516,41,40,40,81,46,106,85,83,42,64
2020년02월_여_40~49세,"1,669",685,74,66,79,132,91,171,106,113,62,90
2020년02월_여_50~59세,"3,479",770,194,201,224,332,221,513,329,233,200,262
2020년02월_여_60~69세,"3,909",719,234,229,276,302,239,609,412,287,264,338
2020년02월_여_70~79세,"2,963",566,165,167,213,266,168,448,278,258,169,265
2020년02월_여_80~89세,"2,080",309,132,134,150,193,152,285,243,176,132,174
2020년02월_여_90~99세,331,37,19,24,24,21,30,56,40,19,32,29
2020년02월_여_100세 이상,20,3,1,1,3,2,0,3,2,0,3,2
2020년03월_계_총인구수,"37,896","10,182","2,070","1,904","2,316","3,129","2,182","5,072","3,414","2,775","2,080","2,772"
2020년03월_계_연령구간인구수,"37,896","10,182","2,070","1,904","2,316","3,129","2,182","5,072","3,414","2,775","2,080","2,772"
2020년03월_계_0~9세,"1,329",672,52,32,35,91,55,123,83,70,44,72
2020년03월_계_10~19세,"2,145",973,129,53,97,150,104,215,127,118,66,113
2020년03월_계_20~29세,"3,111","1,363",130,110,134,223,141,286,218,222,129,155
2020년03월_계_30~39세,"2,557","1,057",104,94,105,198,110,255,185,176,125,148
2020년03월_계_40~49세,"3,960","1,487",198,162,193,323,200,409,295,280,180,233
2020년03월_계_50~59세,"7,458","1,665",421,439,468,705,464,"1,107",708,534,403,544
2020년03월_계_60~69세,"8,204","1,436",492,480,606,663,505,"1,291",864,619,558,690
2020년03월_계_70~79세,"5,445",976,302,300,393,484,341,866,519,455,333,476
2020년03월_계_80~89세,"3,230",500,211,205,247,265,225,444,358,272,201,302
2020년03월_계_90~99세,431,50,30,28,34,25,37,72,54,28,38,35
2020년03월_계_100세 이상,26,3,1,1,4,2,0,4,3,1,3,4
2020년03월_남_총인구수,"19,365","5,192","1,082",967,"1,203","1,563","1,094","2,605","1,739","1,426","1,074","1,420"
2020년03월_남_연령구간인구수,"19,365","5,192","1,082",967,"1,203","1,563","1,094","2,605","1,739","1,426","1,074","1,420"
2020년03월_남_0~9세,674,346,27,17,17,37,26,56,41,41,23,43
2020년03월_남_10~19세,"1,090",492,67,25,55,73,49,114,68,52,33,62
2020년03월_남_20~29세,"1,822",773,77,69,83,111,87,177,137,130,83,95
2020년03월_남_30~39세,"1,447",557,64,53,66,121,61,150,104,102,83,86
2020년03월_남_40~49세,"2,298",801,124,98,117,193,110,239,185,169,115,147
2020년03월_남_50~59세,"4,016",891,232,244,251,378,244,610,381,295,203,287
2020년03월_남_60~69세,"4,284",715,263,253,327,360,262,667,454,335,295,353
2020년03월_남_70~79세,"2,498",414,137,133,183,215,176,419,243,200,163,215
2020년03월_남_80~89세,"1,134",190,82,70,95,70,70,157,112,95,70,123
2020년03월_남_90~99세,96,13,9,5,8,5,9,15,13,6,6,7
2020년03월_남_100세 이상,6,0,0,0,1,0,0,1,1,1,0,2
2020년03월_여_총인구수,"18,531","4,990",988,937,"1,113","1,566","1,088","2,467","1,675","1,349","1,006","1,352"
2020년03월_여_연령구간인구수,"18,531","4,990",988,937,"1,113","1,566","1,088","2,467","1,675","1,349","1,006","1,352"
2020년03월_여_0~9세,655,326,25,15,18,54,29,67,42,29,21,29
2020년03월_여_10~19세,"1,055",481,62,28,42,77,55,101,59,66,33,51
2020년03월_여_20~29세,"1,289",590,53,41,51,112,54,109,81,92,46,60
2020년03월_여_30~39세,"1,110",500,40,41,39,77,49,105,81,74,42,62
2020년03월_여_40~49세,"1,662",686,74,64,76,130,90,170,110,111,65,86
2020년03월_여_50~59세,"3,442",774,189,195,217,327,220,497,327,239,200,257
2020년03월_여_60~69세,"3,920",721,229,227,279,303,243,624,410,284,263,337
2020년03월_여_70~79세,"2,947",562,165,167,210,269,165,447,276,255,170,261
2020년03월_여_80~89세,"2,096",310,129,135,152,195,155,287,246,177,131,179
2020년03월_여_90~99세,335,37,21,23,26,20,28,57,41,22,32,28
2020년03월_여_100세 이상,20,3,1,1,3,2,0,3,2,0,3,2
2020년04월_계_총인구수,"37,694","10,123","2,049","1,894","2,312","3,119","2,168","5,055","3,400","2,761","2,065","2,748"
2020년04월_계_연령구간인구수,"37,694","10,123","2,049","1,894","2,312","3,119","2,168","5,055","3,400","2,761","2,065","2,748"
2020년04월_계_0~9세,"1,311",660,51,33,34,92,54,121,83,68,46,69
2020년04월_계_10~19세,"2,117",965,128,53,94,151,99,211,122,120,64,110
2020년04월_계_20~29세,"3,028","1,323",122,107,134,217,141,279,214,217,123,151
2020년04월_계_30~39세,"2,519","1,049",105,94,99,193,109,251,183,170,123,143
2020년04월_계_40~49세,"3,935","1,493",188,162,193,324,195,406,290,280,179,225
2020년04월_계_50~59세,"7,420","1,663",418,435,466,697,462,"1,102",705,529,399,544
2020년04월_계_60~69세,"8,236","1,442",494,480,614,669,506,"1,294",870,621,557,689
2020년04월_계_70~79세,"5,429",976,300,294,392,478,341,863,516,454,337,478
2020년04월_계_80~89세,"3,239",499,210,208,247,271,224,452,360,272,197,299
2020년04월_계_90~99세,434,50,32,27,35,25,37,71,54,29,37,37
2020년04월_계_100세 이상,26,3,1,1,4,2,0,5,3,1,3,3
2020년04월_남_총인구수,"19,271","5,166","1,072",964,"1,201","1,554","1,085","2,596","1,732","1,420","1,066","1,415"
2020년04월_남_연령구간인구수,"19,271","5,166","1,072",964,"1,201","1,554","1,085","2,596","1,732","1,420","1,066","1,415"
2020년04월_남_0~9세,663,340,27,17,17,38,25,55,41,39,23,41
2020년04월_남_10~19세,"1,073",487,66,25,53,73,44,112,65,54,32,62
2020년04월_남_20~29세,"1,785",751,74,68,83,106,90,173,140,127,78,95
2020년04월_남_30~39세,"1,428",554,64,54,64,117,60,147,102,100,82,84
2020년04월_남_40~49세,"2,271",802,119,98,115,192,108,236,178,167,116,140
2020년04월_남_50~59세,"4,004",895,232,240,252,377,241,606,378,295,200,288
2020년04월_남_60~69세,"4,305",716,263,255,330,361,263,673,457,335,298,354
2020년04월_남_70~79세,"2,502",418,136,130,183,213,177,417,246,200,163,219
2020년04월_남_80~89세,"1,136",190,82,73,94,71,68,161,111,95,68,123
2020년04월_남_90~99세,98,13,9,4,9,6,9,15,13,7,6,7
2020년04월_남_100세 이상,6,0,0,0,1,0,0,1,1,1,0,2
2020년04월_여_총인구수,"18,423","4,957",977,930,"1,111","1,565","1,083","2,459","1,668","1,341",999,"1,333"
2020년04월_여_연령구간인구수,"18,423","4,957",977,930,"1,111","1,565","1,083","2,459","1,668","1,341",999,"1,333"
2020년04월_여_0~9세,648,320,24,16,17,54,29,66,42,29,23,28
2020년04월_여_10~19세,"1,044",478,62,28,41,78,55,99,57,66,32,48
2020년04월_여_20~29세,"1,243",572,48,39,51,111,51,106,74,90,45,56
2020년04월_여_30~39세,"1,091",495,41,40,35,76,49,104,81,70,41,59
2020년04월_여_40~49세,"1,664",691,69,64,78,132,87,170,112,113,63,85
2020년04월_여_50~59세,"3,416",768,186,195,214,320,221,496,327,234,199,256
2020년04월_여_60~69세,"3,931",726,231,225,284,308,243,621,413,286,259,335
2020년04월_여_70~79세,"2,927",558,164,164,209,265,164,446,270,254,174,259
2020년04월_여_80~89세,"2,103",309,128,135,153,200,156,291,249,177,129,176
2020년04월_여_90~99세,336,37,23,23,26,19,28,56,41,22,31,30
2020년04월_여_100세 이상,20,3,1,1,3,2,0,4,2,0,3,1
2020년05월_계_총인구수,"37,566","10,055","2,043","1,892","2,310","3,110","2,162","5,063","3,398","2,743","2,060","2,730"
2020년05월_계_연령구간인구수,"37,566","10,055","2,043","1,892","2,310","3,110","2,162","5,063","3,398","2,743","2,060","2,730"
2020년05월_계_0~9세,"1,296",649,49,32,35,90,54,124,84,64,48,67
2020년05월_계_10~19세,"2,086",952,124,50,92,149,98,210,121,117,62,111
2020년05월_계_20~29세,"2,963","1,292",124,108,133,216,139,275,203,210,121,142
2020년05월_계_30~39세,"2,490","1,036",102,91,98,192,112,242,188,167,121,141
2020년05월_계_40~49세,"3,914","1,495",188,162,193,315,193,406,291,275,173,223
2020년05월_계_50~59세,"7,403","1,652",411,435,461,700,458,"1,105",704,529,405,543
2020년05월_계_60~69세,"8,263","1,450",497,483,617,668,507,"1,304",872,623,555,687
2020년05월_계_70~79세,"5,437",974,301,294,395,480,339,865,517,450,341,481
2020년05월_계_80~89세,"3,250",501,213,208,247,272,226,453,363,278,194,295
2020년05월_계_90~99세,436,50,33,28,35,26,36,74,51,29,37,37
2020년05월_계_100세 이상,28,4,1,1,4,2,0,5,4,1,3,3
2020년05월_남_총인구수,"19,207","5,139","1,069",964,"1,194","1,550","1,080","2,602","1,733","1,411","1,060","1,405"
2020년05월_남_연령구간인구수,"19,207","5,139","1,069",964,"1,194","1,550","1,080","2,602","1,733","1,411","1,060","1,405"
2020년05월_남_0~9세,658,338,25,16,17,36,25,58,41,38,24,40
2020년05월_남_10~19세,"1,063",480,64,25,53,74,43,111,65,53,32,63
2020년05월_남_20~29세,"1,752",742,74,67,80,109,88,169,134,126,74,89
2020년05월_남_30~39세,"1,409",547,64,54,64,114,62,140,106,99,79,80
2020년05월_남_40~49세,"2,249",799,120,97,114,186,107,237,178,163,111,137
2020년05월_남_50~59세,"4,002",898,228,238,249,379,240,607,378,292,205,288
2020년05월_남_60~69세,"4,318",715,264,260,330,360,263,680,457,334,298,357
2020년05월_남_70~79세,"2,517",417,138,131,184,215,176,422,248,201,165,220
2020년05월_남_80~89세,"1,135",190,83,72,93,71,68,162,112,97,65,122
2020년05월_남_90~99세,97,12,9,4,9,6,8,15,13,7,7,7
2020년05월_남_100세 이상,7,1,0,0,1,0,0,1,1,1,0,2
2020년05월_여_총인구수,"18,359","4,916",974,928,"1,116","1,560","1,082","2,461","1,665","1,332","1,000","1,325"
2020년05월_여_연령구간인구수,"18,359","4,916",974,928,"1,116","1,560","1,082","2,461","1,665","1,332","1,000","1,325"
2020년05월_여_0~9세,638,311,24,16,18,54,29,66,43,26,24,27
2020년05월_여_10~19세,"1,023",472,60,25,39,75,55,99,56,64,30,48
2020년05월_여_20~29세,"1,211",550,50,41,53,107,51,106,69,84,47,53
2020년05월_여_30~39세,"1,081",489,38,37,34,78,50,102,82,68,42,61
2020년05월_여_40~49세,"1,665",696,68,65,79,129,86,169,113,112,62,86
2020년05월_여_50~59세,"3,401",754,183,197,212,321,218,498,326,237,200,255
2020년05월_여_60~69세,"3,945",735,233,223,287,308,244,624,415,289,257,330
2020년05월_여_70~79세,"2,920",557,163,163,211,265,163,443,269,249,176,261
2020년05월_여_80~89세,"2,115",311,130,136,154,201,158,291,251,181,129,173
2020년05월_여_90~99세,339,38,24,24,26,20,28,59,38,22,30,30
2020년05월_여_100세 이상,21,3,1,1,3,2,0,4,3,0,3,1
2020년06월_계_총인구수,"37,493","10,006","2,057","1,886","2,299","3,095","2,158","5,079","3,400","2,733","2,054","2,726"
2020년06월_계_연령구간인구수,"37,493","10,006","2,057","1,886","2,299","3,095","2,158","5,079","3,400","2,733","2,054","2,726"
2020년06월_계_0~9세,"1,294",648,50,33,33,89,53,128,82,65,46,67
2020년06월_계_10~19세,"2,072",946,126,50,92,145,99,210,121,113,62,108
2020년06월_계_20~29세,"2,924","1,267",121,109,131,213,139,274,201,212,118,139
2020년06월_계_30~39세,"2,492","1,029",106,91,99,191,113,248,189,164,121,141
2020년06월_계_40~49세,"3,876","1,485",183,155,188,310,194,406,290,269,176,220
2020년06월_계_50~59세,"7,375","1,646",420,429,460,696,447,"1,100",704,525,400,548
2020년06월_계_60~69세,"8,322","1,463",503,489,618,669,512,"1,317",883,626,557,685
2020년06월_계_70~79세,"5,424",964,300,295,396,479,341,866,512,449,341,481
2020년06월_계_80~89세,"3,250",504,213,205,244,276,225,453,361,280,193,296
2020년06월_계_90~99세,436,50,34,29,35,25,35,72,53,28,37,38
2020년06월_계_100세 이상,28,4,1,1,3,2,0,5,4,2,3,3
2020년06월_남_총인구수,"19,202","5,127","1,075",964,"1,190","1,546","1,078","2,613","1,738","1,410","1,058","1,403"
2020년06월_남_연령구간인구수,"19,202","5,127","1,075",964,"1,190","1,546","1,078","2,613","1,738","1,410","1,058","1,403"
2020년06월_남_0~9세,660,338,26,17,16,35,25,61,40,38,24,40
2020년06월_남_10~19세,"1,064",482,65,25,54,74,43,111,66,51,32,61
2020년06월_남_20~29세,"1,736",729,73,68,81,107,87,167,134,132,70,88
2020년06월_남_30~39세,"1,407",543,65,55,63,115,64,140,104,97,82,79
2020년06월_남_40~49세,"2,229",796,117,92,110,181,108,237,178,161,112,137
2020년06월_남_50~59세,"3,989",895,233,235,249,381,238,609,374,289,201,285
2020년06월_남_60~69세,"4,358",724,266,264,332,360,261,689,468,336,300,358
2020년06월_남_70~79세,"2,515",415,138,133,184,212,178,419,246,200,166,224
2020년06월_남_80~89세,"1,140",192,83,71,91,75,68,164,112,98,63,123
2020년06월_남_90~99세,97,12,9,4,9,6,6,15,15,7,8,6
2020년06월_남_100세 이상,7,1,0,0,1,0,0,1,1,1,0,2
2020년06월_여_총인구수,"18,291","4,879",982,922,"1,109","1,549","1,080","2,466","1,662","1,323",996,"1,323"
2020년06월_여_연령구간인구수,"18,291","4,879",982,922,"1,109","1,549","1,080","2,466","1,662","1,323",996,"1,323"
2020년06월_여_0~9세,634,310,24,16,17,54,28,67,42,27,22,27
2020년06월_여_10~19세,"1,008",464,61,25,38,71,56,99,55,62,30,47
2020년06월_여_20~29세,"1,188",538,48,41,50,106,52,107,67,80,48,51
2020년06월_여_30~39세,"1,085",486,41,36,36,76,49,108,85,67,39,62
2020년06월_여_40~49세,"1,647",689,66,63,78,129,86,169,112,108,64,83
2020년06월_여_50~59세,"3,386",751,187,194,211,315,209,491,330,236,199,263
2020년06월_여_60~69세,"3,964",739,237,225,286,309,251,628,415,290,257,327
2020년06월_여_70~79세,"2,909",549,162,162,212,267,163,447,266,249,175,257
2020년06월_여_80~89세,"2,110",312,130,134,153,201,157,289,249,182,130,173
2020년06월_여_90~99세,339,38,25,25,26,19,29,57,38,21,29,32
2020년06월_여_100세 이상,21,3,1,1,2,2,0,4,3,1,3,1
2020년07월_계_총인구수,"37,357","9,952","2,059","1,879","2,295","3,083","2,141","5,068","3,385","2,716","2,055","2,724"
2020년07월_계_연령구간인구수,"37,357","9,952","2,059","1,879","2,295","3,083","2,141","5,068","3,385","2,716","2,055","2,724"
2020년07월_계_0~9세,"1,276",640,51,33,34,84,52,125,81,63,46,67
2020년07월_계_10~19세,"2,061",940,128,50,92,143,99,210,121,112,62,104
2020년07월_계_20~29세,"2,896","1,254",119,108,132,209,135,267,200,211,121,140
2020년07월_계_30~39세,"2,447","1,007",100,88,98,193,112,245,186,159,118,141
2020년07월_계_40~49세,"3,873","1,486",187,154,187,309,192,401,291,267,176,223
2020년07월_계_50~59세,"7,324","1,642",417,427,455,687,440,"1,095",693,523,400,545
2020년07월_계_60~69세,"8,333","1,465",506,488,615,674,510,"1,325",885,622,558,685
2020년07월_계_70~79세,"5,429",959,301,295,399,480,344,869,509,450,342,481
2020년07월_계_80~89세,"3,250",504,215,206,246,275,222,455,360,279,191,297
2020년07월_계_90~99세,439,51,34,29,34,27,35,70,55,28,38,38
2020년07월_계_100세 이상,29,4,1,1,3,2,0,6,4,2,3,3
2020년07월_남_총인구수,"19,143","5,105","1,078",962,"1,190","1,539","1,072","2,605","1,728","1,401","1,058","1,405"
2020년07월_남_연령구간인구수,"19,143","5,105","1,078",962,"1,190","1,539","1,072","2,605","1,728","1,401","1,058","1,405"
2020년07월_남_0~9세,650,334,26,17,16,31,25,61,39,37,24,40
2020년07월_남_10~19세,"1,065",483,67,25,54,73,44,111,66,51,32,59
2020년07월_남_20~29세,"1,723",724,73,66,80,108,85,165,132,131,71,88
2020년07월_남_30~39세,"1,381",527,61,54,64,115,63,140,104,93,79,81
2020년07월_남_40~49세,"2,227",798,120,89,110,180,108,232,177,160,113,140
2020년07월_남_50~59세,"3,970",894,233,239,244,374,235,606,371,289,202,283
2020년07월_남_60~69세,"4,363",729,266,264,333,362,257,691,470,334,299,358
2020년07월_남_70~79세,"2,523",415,139,132,188,214,181,420,242,201,168,223
2020년07월_남_80~89세,"1,135",188,84,71,91,76,68,163,110,97,62,125
2020년07월_남_90~99세,99,12,9,5,9,6,6,15,16,7,8,6
2020년07월_남_100세 이상,7,1,0,0,1,0,0,1,1,1,0,2
2020년07월_여_총인구수,"18,214","4,847",981,917,"1,105","1,544","1,069","2,463","1,657","1,315",997,"1,319"
2020년07월_여_연령구간인구수,"18,214","4,847",981,917,"1,105","1,544","1,069","2,463","1,657","1,315",997,"1,319"
2020년07월_여_0~9세,626,306,25,16,18,53,27,64,42,26,22,27
2020년07월_여_10~19세,996,457,61,25,38,70,55,99,55,61,30,45
2020년07월_여_20~29세,"1,173",530,46,42,52,101,50,102,68,80,50,52
2020년07월_여_30~39세,"1,066",480,39,34,34,78,49,105,82,66,39,60
2020년07월_여_40~49세,"1,646",688,67,65,77,129,84,169,114,107,63,83
2020년07월_여_50~59세,"3,354",748,184,188,211,313,205,489,322,234,198,262
2020년07월_여_60~69세,"3,970",736,240,224,282,312,253,634,415,288,259,327
2020년07월_여_70~79세,"2,906",544,162,163,211,266,163,449,267,249,174,258
2020년07월_여_80~89세,"2,115",316,131,135,155,199,154,292,250,182,129,172
2020년07월_여_90~99세,340,39,25,24,25,21,29,55,39,21,30,32
2020년07월_여_100세 이상,22,3,1,1,2,2,0,5,3,1,3,1
2020년08월_계_총인구수,"37,354","9,940","2,061","1,878","2,300","3,087","2,146","5,068","3,388","2,710","2,049","2,727"
2020년08월_계_연령구간인구수,"37,354","9,940","2,061","1,878","2,300","3,087","2,146","5,068","3,388","2,710","2,049","2,727"
2020년08월_계_0~9세,"1,266",630,51,33,33,83,50,125,82,65,45,69
2020년08월_계_10~19세,"2,044",933,126,50,93,142,98,206,120,111,62,103
2020년08월_계_20~29세,"2,905","1,270",121,106,129,214,132,267,198,211,116,141
2020년08월_계_30~39세,"2,411",985,100,87,95,189,119,240,185,156,119,136
2020년08월_계_40~49세,"3,884","1,504",183,155,194,308,194,399,292,264,171,220
2020년08월_계_50~59세,"7,296","1,635",416,424,448,685,439,"1,087",691,522,402,547
2020년08월_계_60~69세,"8,381","1,458",517,494,619,678,517,"1,337",889,619,558,695
2020년08월_계_70~79세,"5,418",958,298,294,399,480,340,874,510,450,341,474
2020년08월_계_80~89세,"3,278",511,214,206,252,277,222,456,363,282,193,302
2020년08월_계_90~99세,443,52,35,28,35,29,35,71,54,28,39,37
2020년08월_계_100세 이상,28,4,0,1,3,2,0,6,4,2,3,3
2020년08월_남_총인구수,"19,136","5,095","1,081",961,"1,191","1,544","1,076","2,604","1,727","1,397","1,054","1,406"
2020년08월_남_연령구간인구수,"19,136","5,095","1,081",961,"1,191","1,544","1,076","2,604","1,727","1,397","1,054","1,406"
2020년08월_남_0~9세,642,328,26,17,15,30,23,61,40,37,24,41
2020년08월_남_10~19세,"1,059",479,67,25,55,72,44,109,64,53,32,59
2020년08월_남_20~29세,"1,720",729,75,63,78,115,81,164,129,131,67,88
2020년08월_남_30~39세,"1,358",517,61,53,61,111,68,137,103,90,80,77
2020년08월_남_40~49세,"2,237",808,116,89,114,182,112,233,176,159,108,140
2020년08월_남_50~59세,"3,951",890,231,239,240,373,233,597,374,286,205,283
2020년08월_남_60~69세,"4,390",722,273,268,335,363,262,703,470,333,299,362
2020년08월_남_70~79세,"2,519",418,138,130,187,215,177,421,241,203,167,222
2020년08월_남_80~89세,"1,149",190,85,72,96,75,70,163,112,97,63,126
2020년08월_남_90~99세,104,13,9,5,9,8,6,15,17,7,9,6
2020년08월_남_100세 이상,7,1,0,0,1,0,0,1,1,1,0,2
2020년08월_여_총인구수,"18,218","4,845",980,917,"1,109","1,543","1,070","2,464","1,661","1,313",995,"1,321"
2020년08월_여_연령구간인구수,"18,218","4,845",980,917,"1,109","1,543","1,070","2,464","1,661","1,313",995,"1,321"
2020년08월_여_0~9세,624,302,25,16,18,53,27,64,42,28,21,28
2020년08월_여_10~19세,985,454,59,25,38,70,54,97,56,58,30,44
2020년08월_여_20~29세,"1,185",541,46,43,51,99,51,103,69,80,49,53
2020년08월_여_30~39세,"1,053",468,39,34,34,78,51,103,82,66,39,59
2020년08월_여_40~49세,"1,647",696,67,66,80,126,82,166,116,105,63,80
2020년08월_여_50~59세,"3,345",745,185,185,208,312,206,490,317,236,197,264
2020년08월_여_60~69세,"3,991",736,244,226,284,315,255,634,419,286,259,333
2020년08월_여_70~79세,"2,899",540,160,164,212,265,163,453,269,247,174,252
2020년08월_여_80~89세,"2,129",321,129,134,156,202,152,293,251,185,130,176
2020년08월_여_90~99세,339,39,26,23,26,21,29,56,37,21,30,31
2020년08월_여_100세 이상,21,3,0,1,2,2,0,5,3,1,3,1
2020년09월_계_총인구수,"37,368","9,956","2,060","1,866","2,307","3,095","2,157","5,066","3,379","2,714","2,042","2,726"
2020년09월_계_연령구간인구수,"37,368","9,956","2,060","1,866","2,307","3,095","2,157","5,066","3,379","2,714","2,042","2,726"
2020년09월_계_0~9세,"1,267",633,55,31,34,80,52,124,80,65,46,67
2020년09월_계_10~19세,"2,038",934,124,52,91,143,96,205,118,109,60,106
2020년09월_계_20~29세,"2,900","1,263",122,107,130,213,142,264,189,208,117,145
2020년09월_계_30~39세,"2,415",994,98,81,96,195,123,239,187,153,117,132
2020년09월_계_40~49세,"3,868","1,503",179,155,194,309,189,391,294,268,166,220
2020년09월_계_50~59세,"7,296","1,645",417,425,447,679,443,"1,087",688,525,398,542
2020년09월_계_60~69세,"8,414","1,465",514,489,627,689,515,"1,344",884,625,564,698
2020년09월_계_70~79세,"5,420",958,301,293,395,479,336,875,520,449,341,473
2020년09월_계_80~89세,"3,274",503,215,204,254,277,226,461,359,279,192,304
2020년09월_계_90~99세,447,54,35,28,36,29,34,70,56,31,38,36
2020년09월_계_100세 이상,29,4,0,1,3,2,1,6,4,2,3,3
2020년09월_남_총인구수,"19,145","5,100","1,080",953,"1,197","1,547","1,084","2,602","1,723","1,402","1,053","1,404"
2020년09월_남_연령구간인구수,"19,145","5,100","1,080",953,"1,197","1,547","1,084","2,602","1,723","1,402","1,053","1,404"
2020년09월_남_0~9세,642,329,28,16,15,29,25,61,38,36,25,40
2020년09월_남_10~19세,"1,061",486,67,26,54,72,43,109,62,50,32,60
2020년09월_남_20~29세,"1,724",727,75,63,79,116,88,162,125,131,67,91
2020년09월_남_30~39세,"1,353",518,59,48,61,114,69,134,104,91,79,76
2020년09월_남_40~49세,"2,224",804,112,89,115,181,110,227,178,160,107,141
2020년09월_남_50~59세,"3,950",894,232,240,238,370,236,599,373,289,201,278
2020년09월_남_60~69세,"4,411",722,274,267,343,367,261,708,467,337,301,364
2020년09월_남_70~79세,"2,517",419,139,128,186,215,174,420,246,202,169,219
2020년09월_남_80~89세,"1,151",186,85,71,97,75,72,167,112,96,63,127
2020년09월_남_90~99세,105,14,9,5,8,8,6,14,17,9,9,6
2020년09월_남_100세 이상,7,1,0,0,1,0,0,1,1,1,0,2
2020년09월_여_총인구수,"18,223","4,856",980,913,"1,110","1,548","1,073","2,464","1,656","1,312",989,"1,322"
2020년09월_여_연령구간인구수,"18,223","4,856",980,913,"1,110","1,548","1,073","2,464","1,656","1,312",989,"1,322"
2020년09월_여_0~9세,625,304,27,15,19,51,27,63,42,29,21,27
2020년09월_여_10~19세,977,448,57,26,37,71,53,96,56,59,28,46
2020년09월_여_20~29세,"1,176",536,47,44,51,97,54,102,64,77,50,54
2020년09월_여_30~39세,"1,062",476,39,33,35,81,54,105,83,62,38,56
2020년09월_여_40~49세,"1,644",699,67,66,79,128,79,164,116,108,59,79
2020년09월_여_50~59세,"3,346",751,185,185,209,309,207,488,315,236,197,264
2020년09월_여_60~69세,"4,003",743,240,222,284,322,254,636,417,288,263,334
2020년09월_여_70~79세,"2,903",539,162,165,209,264,162,455,274,247,172,254
2020년09월_여_80~89세,"2,123",317,130,133,157,202,154,294,247,183,129,177
2020년09월_여_90~99세,342,40,26,23,28,21,28,56,39,22,29,30
2020년09월_여_100세 이상,22,3,0,1,2,2,1,5,3,1,3,1
2020년10월_계_총인구수,"37,447","9,980","2,071","1,878","2,315","3,096","2,161","5,066","3,390","2,710","2,053","2,727"
2020년10월_계_연령구간인구수,"37,447","9,980","2,071","1,878","2,315","3,096","2,161","5,066","3,390","2,710","2,053","2,727"
2020년10월_계_0~9세,"1,282",634,57,36,36,82,54,121,81,68,48,65
2020년10월_계_10~19세,"2,027",927,123,51,92,136,98,205,119,108,61,107
2020년10월_계_20~29세,"2,883","1,258",121,103,129,219,141,261,188,203,117,143
2020년10월_계_30~39세,"2,423","1,003",100,80,99,194,120,237,186,155,119,130
2020년10월_계_40~49세,"3,862","1,504",178,155,192,306,189,393,289,266,166,224
2020년10월_계_50~59세,"7,293","1,649",422,427,444,679,442,"1,085",690,520,398,537
2020년10월_계_60~69세,"8,474","1,471",523,497,634,692,520,"1,348",894,627,567,701
2020년10월_계_70~79세,"5,428",968,298,293,395,475,338,872,520,452,341,476
2020년10월_계_80~89세,"3,295",509,214,207,255,281,224,468,361,277,194,305
2020년10월_계_90~99세,450,53,35,28,36,30,33,70,58,32,39,36
2020년10월_계_100세 이상,30,4,0,1,3,2,2,6,4,2,3,3
2020년10월_남_총인구수,"19,186","5,102","1,087",958,"1,199","1,551","1,086","2,609","1,724","1,404","1,059","1,407"
2020년10월_남_연령구간인구수,"19,186","5,102","1,087",958,"1,199","1,551","1,086","2,609","1,724","1,404","1,059","1,407"
2020년10월_남_0~9세,649,329,30,18,15,30,26,59,40,39,25,38
2020년10월_남_10~19세,"1,056",481,65,25,56,70,43,109,63,49,34,61
2020년10월_남_20~29세,"1,711",720,76,63,79,119,86,160,123,127,68,90
2020년10월_남_30~39세,"1,354",523,61,47,62,113,67,133,102,92,79,75
2020년10월_남_40~49세,"2,218",808,111,85,114,182,111,228,170,160,106,143
2020년10월_남_50~59세,"3,953",896,234,245,234,370,235,599,376,287,200,277
2020년10월_남_60~69세,"4,448",722,280,271,346,368,266,714,471,339,304,367
2020년10월_남_70~79세,"2,524",421,138,125,188,212,175,423,245,204,170,223
2020년10월_남_80~89세,"1,160",187,83,74,96,79,71,169,116,97,63,125
2020년10월_남_90~99세,106,14,9,5,8,8,6,14,17,9,10,6
2020년10월_남_100세 이상,7,1,0,0,1,0,0,1,1,1,0,2
2020년10월_여_총인구수,"18,261","4,878",984,920,"1,116","1,545","1,075","2,457","1,666","1,306",994,"1,320"
2020년10월_여_연령구간인구수,"18,261","4,878",984,920,"1,116","1,545","1,075","2,457","1,666","1,306",994,"1,320"
2020년10월_여_0~9세,633,305,27,18,21,52,28,62,41,29,23,27
2020년10월_여_10~19세,971,446,58,26,36,66,55,96,56,59,27,46
2020년10월_여_20~29세,"1,172",538,45,40,50,100,55,101,65,76,49,53
2020년10월_여_30~39세,"1,069",480,39,33,37,81,53,104,84,63,40,55
2020년10월_여_40~49세,"1,644",696,67,70,78,124,78,165,119,106,60,81
2020년10월_여_50~59세,"3,340",753,188,182,210,309,207,486,314,233,198,260
2020년10월_여_60~69세,"4,026",749,243,226,288,324,254,634,423,288,263,334
2020년10월_여_70~79세,"2,904",547,160,168,207,263,163,449,275,248,171,253
2020년10월_여_80~89세,"2,135",322,131,133,159,202,153,299,245,180,131,180
2020년10월_여_90~99세,344,39,26,23,28,22,27,56,41,23,29,30
2020년10월_여_100세 이상,23,3,0,1,2,2,2,5,3,1,3,1
2020년11월_계_총인구수,"37,671","10,038","2,115","1,908","2,335","3,096","2,167","5,079","3,394","2,753","2,057","2,729"
2020년11월_계_연령구간인구수,"37,671","10,038","2,115","1,908","2,335","3,096","2,167","5,079","3,394","2,753","2,057","2,729"
2020년11월_계_0~9세,"1,288",632,61,45,38,77,52,115,84,72,46,66
2020년11월_계_10~19세,"2,033",921,122,55,91,136,95,210,120,111,64,108
2020년11월_계_20~29세,"2,947","1,287",134,106,132,216,142,266,189,214,118,143
2020년11월_계_30~39세,"2,441","1,012",109,77,104,197,123,232,184,153,120,130
2020년11월_계_40~49세,"3,846","1,487",176,156,194,299,189,394,290,273,167,221
2020년11월_계_50~59세,"7,354","1,679",431,437,453,685,440,"1,084",691,524,391,539
2020년11월_계_60~69세,"8,543","1,490",531,502,634,696,525,"1,351",895,641,574,704
2020년11월_계_70~79세,"5,424",965,301,291,392,473,341,877,517,452,341,474
2020년11월_계_80~89세,"3,320",511,215,211,259,284,223,474,365,279,194,305
2020년11월_계_90~99세,445,50,35,27,35,31,35,70,55,32,39,36
2020년11월_계_100세 이상,30,4,0,1,3,2,2,6,4,2,3,3
2020년11월_남_총인구수,"19,309","5,123","1,111",973,"1,212","1,554","1,092","2,611","1,727","1,425","1,066","1,415"
2020년11월_남_연령구간인구수,"19,309","5,123","1,111",973,"1,212","1,554","1,092","2,611","1,727","1,425","1,066","1,415"
2020년11월_남_0~9세,644,326,32,22,15,26,26,56,42,38,23,38
2020년11월_남_10~19세,"1,064",476,65,28,54,70,43,112,64,53,37,62
2020년11월_남_20~29세,"1,750",737,80,68,82,116,85,165,123,132,69,93
2020년11월_남_30~39세,"1,367",529,66,46,65,117,69,132,100,87,81,75
2020년11월_남_40~49세,"2,211",798,111,84,116,179,112,226,170,166,106,143
2020년11월_남_50~59세,"3,981",901,242,251,237,372,239,591,379,293,198,278
2020년11월_남_60~69세,"4,482",732,283,270,349,374,266,717,469,345,307,370
2020년11월_남_70~79세,"2,530",423,139,124,186,213,176,424,246,202,172,225
2020년11월_남_80~89세,"1,171",186,85,76,99,79,70,173,117,100,63,123
2020년11월_남_90~99세,102,14,8,4,8,8,6,14,16,8,10,6
2020년11월_남_100세 이상,7,1,0,0,1,0,0,1,1,1,0,2
2020년11월_여_총인구수,"18,362","4,915","1,004",935,"1,123","1,542","1,075","2,468","1,667","1,328",991,"1,314"
2020년11월_여_연령구간인구수,"18,362","4,915","1,004",935,"1,123","1,542","1,075","2,468","1,667","1,328",991,"1,314"
2020년11월_여_0~9세,644,306,29,23,23,51,26,59,42,34,23,28
2020년11월_여_10~19세,969,445,57,27,37,66,52,98,56,58,27,46
2020년11월_여_20~29세,"1,197",550,54,38,50,100,57,101,66,82,49,50
2020년11월_여_30~39세,"1,074",483,43,31,39,80,54,100,84,66,39,55
2020년11월_여_40~49세,"1,635",689,65,72,78,120,77,168,120,107,61,78
2020년11월_여_50~59세,"3,373",778,189,186,216,313,201,493,312,231,193,261
2020년11월_여_60~69세,"4,061",758,248,232,285,322,259,634,426,296,267,334
2020년11월_여_70~79세,"2,894",542,162,167,206,260,165,453,271,250,169,249
2020년11월_여_80~89세,"2,149",325,130,135,160,205,153,301,248,179,131,182
2020년11월_여_90~99세,343,36,27,23,27,23,29,56,39,24,29,30
2020년11월_여_100세 이상,23,3,0,1,2,2,2,5,3,1,3,1
2020년12월_계_총인구수,"39,393","10,506","2,190","2,000","2,419","3,231","2,231","5,226","3,631","2,917","2,103","2,939"
2020년12월_계_연령구간인구수,"39,393","10,506","2,190","2,000","2,419","3,231","2,231","5,226","3,631","2,917","2,103","2,939"
2020년12월_계_0~9세,"1,346",631,63,51,48,83,49,113,97,82,53,76
2020년12월_계_10~19세,"2,161",958,131,60,95,147,99,216,146,127,67,115
2020년12월_계_20~29세,"3,308","1,396",150,117,145,249,160,283,241,248,132,187
2020년12월_계_30~39세,"2,630","1,051",116,82,120,209,135,255,212,172,124,154
2020년12월_계_40~49세,"4,105","1,565",184,168,205,323,201,414,323,292,173,257
2020년12월_계_50~59세,"7,690","1,787",441,459,463,714,452,"1,097",749,556,401,571
2020년12월_계_60~69세,"8,827","1,567",545,519,652,709,530,"1,403",913,663,579,747
2020년12월_계_70~79세,"5,507",979,309,302,392,479,345,887,528,461,342,483
2020년12월_계_80~89세,"3,337",517,217,215,260,286,222,478,362,282,191,307
2020년12월_계_90~99세,452,51,34,27,36,31,36,74,56,32,37,38
2020년12월_계_100세 이상,30,4,0,0,3,1,2,6,4,2,4,4
2020년12월_남_총인구수,"20,225","5,351","1,156","1,002","1,253","1,634","1,126","2,696","1,859","1,515","1,088","1,545"
2020년12월_남_연령구간인구수,"20,225","5,351","1,156","1,002","1,253","1,634","1,126","2,696","1,859","1,515","1,088","1,545"
2020년12월_남_0~9세,675,321,34,27,22,33,24,54,47,42,27,44
2020년12월_남_10~19세,"1,127",491,69,33,55,77,44,116,75,64,36,67
2020년12월_남_20~29세,"1,956",796,88,73,88,128,95,184,152,153,76,123
2020년12월_남_30~39세,"1,466",553,70,47,76,120,78,140,111,98,81,92
2020년12월_남_40~49세,"2,358",834,117,87,121,196,120,236,194,176,112,165
2020년12월_남_50~59세,"4,168",962,247,252,242,393,244,602,415,311,203,297
2020년12월_남_60~69세,"4,625",766,293,276,356,381,269,747,481,353,309,394
2020년12월_남_70~79세,"2,563",424,144,126,185,217,177,428,250,209,172,231
2020년12월_남_80~89세,"1,177",189,86,77,99,81,68,172,118,100,63,124
2020년12월_남_90~99세,102,14,8,4,8,8,7,16,15,8,9,5
2020년12월_남_100세 이상,8,1,0,0,1,0,0,1,1,1,0,3
2020년12월_여_총인구수,"19,168","5,155","1,034",998,"1,166","1,597","1,105","2,530","1,772","1,402","1,015","1,394"
2020년12월_여_연령구간인구수,"19,168","5,155","1,034",998,"1,166","1,597","1,105","2,530","1,772","1,402","1,015","1,394"
2020년12월_여_0~9세,671,310,29,24,26,50,25,59,50,40,26,32
2020년12월_여_10~19세,"1,034",467,62,27,40,70,55,100,71,63,31,48
2020년12월_여_20~29세,"1,352",600,62,44,57,121,65,99,89,95,56,64
2020년12월_여_30~39세,"1,164",498,46,35,44,89,57,115,101,74,43,62
2020년12월_여_40~49세,"1,747",731,67,81,84,127,81,178,129,116,61,92
2020년12월_여_50~59세,"3,522",825,194,207,221,321,208,495,334,245,198,274
2020년12월_여_60~69세,"4,202",801,252,243,296,328,261,656,432,310,270,353
2020년12월_여_70~79세,"2,944",555,165,176,207,262,168,459,278,252,170,252
2020년12월_여_80~89세,"2,160",328,131,138,161,205,154,306,244,182,128,183
2020년12월_여_90~99세,350,37,26,23,28,23,29,58,41,24,28,33
2020년12월_여_100세 이상,22,3,0,0,2,1,2,5,3,1,4,1
2021년01월_계_총인구수,"38,338","10,147","2,158","1,966","2,359","3,160","2,201","5,150","3,471","2,819","2,091","2,816"
2021년01월_계_연령구간인구수,"38,338","10,147","2,158","1,966","2,359","3,160","2,201","5,150","3,471","2,819","2,091","2,816"
2021년01월_계_0~9세,"1,295",610,64,49,43,78,51,112,89,75,56,68
2021년01월_계_10~19세,"2,068",932,124,58,91,141,98,206,131,114,67,106
2021년01월_계_20~29세,"3,062","1,294",137,113,131,237,151,273,207,224,126,169
2021년01월_계_30~39세,"2,493","1,001",120,77,115,202,130,239,187,163,123,136
2021년01월_계_40~49세,"3,930","1,506",174,164,199,312,195,401,298,279,168,234
2021년01월_계_50~59세,"7,402","1,706",431,448,437,684,438,"1,077",704,539,391,547
2021년01월_계_60~69세,"8,791","1,556",541,519,653,709,535,"1,398",911,650,586,733
2021년01월_계_70~79세,"5,462",969,311,297,392,478,345,878,522,461,339,470
2021년01월_계_80~89세,"3,356",518,222,213,259,288,219,489,362,281,193,312
2021년01월_계_90~99세,449,51,34,28,36,30,37,72,56,31,37,37
2021년01월_계_100세 이상,30,4,0,0,3,1,2,5,4,2,5,4
2021년01월_남_총인구수,"19,702","5,192","1,132",992,"1,221","1,600","1,108","2,653","1,775","1,468","1,080","1,481"
2021년01월_남_연령구간인구수,"19,702","5,192","1,132",992,"1,221","1,600","1,108","2,653","1,775","1,468","1,080","1,481"
2021년01월_남_0~9세,650,313,33,26,20,30,24,54,43,39,28,40
2021년01월_남_10~19세,"1,081",483,63,33,51,75,43,109,69,56,37,62
2021년01월_남_20~29세,"1,822",745,77,70,79,124,91,179,131,142,74,110
2021년01월_남_30~39세,"1,403",527,75,46,74,117,72,129,103,95,81,84
2021년01월_남_40~49세,"2,267",812,108,85,120,188,116,231,178,168,107,154
2021년01월_남_50~59세,"4,017",923,243,249,227,374,237,589,393,300,196,286
2021년01월_남_60~69세,"4,622",764,291,276,358,386,273,744,477,352,314,387
2021년01월_남_70~79세,"2,550",421,147,127,185,218,178,424,245,209,171,225
2021년01월_남_80~89세,"1,182",189,87,75,99,80,66,180,120,99,62,125
2021년01월_남_90~99세,100,14,8,5,7,8,8,13,15,7,10,5
2021년01월_남_100세 이상,8,1,0,0,1,0,0,1,1,1,0,3
2021년01월_여_총인구수,"18,636","4,955","1,026",974,"1,138","1,560","1,093","2,497","1,696","1,351","1,011","1,335"
2021년01월_여_연령구간인구수,"18,636","4,955","1,026",974,"1,138","1,560","1,093","2,497","1,696","1,351","1,011","1,335"
2021년01월_여_0~9세,645,297,31,23,23,48,27,58,46,36,28,28
2021년01월_여_10~19세,987,449,61,25,40,66,55,97,62,58,30,44
2021년01월_여_20~29세,"1,240",549,60,43,52,113,60,94,76,82,52,59
2021년01월_여_30~39세,"1,090",474,45,31,41,85,58,110,84,68,42,52
2021년01월_여_40~49세,"1,663",694,66,79,79,124,79,170,120,111,61,80
2021년01월_여_50~59세,"3,385",783,188,199,210,310,201,488,311,239,195,261
2021년01월_여_60~69세,"4,169",792,250,243,295,323,262,654,434,298,272,346
2021년01월_여_70~79세,"2,912",548,164,170,207,260,167,454,277,252,168,245
2021년01월_여_80~89세,"2,174",329,135,138,160,208,153,309,242,182,131,187
2021년01월_여_90~99세,349,37,26,23,29,22,29,59,41,24,27,32
2021년01월_여_100세 이상,22,3,0,0,2,1,2,4,3,1,5,1
2021년02월_계_총인구수,"38,009","10,005","2,137","1,960","2,348","3,122","2,187","5,130","3,460","2,783","2,077","2,800"
2021년02월_계_연령구간인구수,"38,009","10,005","2,137","1,960","2,348","3,122","2,187","5,130","3,460","2,783","2,077","2,800"
2021년02월_계_0~9세,"1,302",612,66,50,42,76,45,112,97,75,55,72
2021년02월_계_10~19세,"2,026",904,125,62,91,137,100,209,124,107,62,105
2021년02월_계_20~29세,"2,963","1,255",129,114,124,225,148,268,205,217,120,158
2021년02월_계_30~39세,"2,435",974,119,78,112,200,124,233,184,155,123,133
2021년02월_계_40~49세,"3,874","1,484",171,160,199,306,194,395,295,274,167,229
2021년02월_계_50~59세,"7,295","1,687",418,439,431,666,439,"1,071",691,533,378,542
2021년02월_계_60~69세,"8,815","1,552",538,522,659,712,533,"1,400",916,647,597,739
2021년02월_계_70~79세,"5,434",962,314,294,385,481,344,870,523,460,338,463
2021년02월_계_80~89세,"3,385",520,226,212,265,287,221,491,365,284,196,318
2021년02월_계_90~99세,451,51,31,29,37,31,37,76,56,30,36,37
2021년02월_계_100세 이상,29,4,0,0,3,1,2,5,4,1,5,4
2021년02월_남_총인구수,"19,521","5,118","1,123",991,"1,210","1,584","1,100","2,648","1,764","1,443","1,074","1,466"
2021년02월_남_연령구간인구수,"19,521","5,118","1,123",991,"1,210","1,584","1,100","2,648","1,764","1,443","1,074","1,466"
2021년02월_남_0~9세,647,309,33,28,20,30,22,54,46,38,27,40
2021년02월_남_10~19세,"1,058",471,65,34,50,73,44,114,63,51,33,60
2021년02월_남_20~29세,"1,760",723,74,69,74,117,89,177,127,137,71,102
2021년02월_남_30~39세,"1,369",514,72,47,71,118,68,124,103,88,81,83
2021년02월_남_40~49세,"2,237",804,106,84,120,183,115,227,175,166,107,150
2021년02월_남_50~59세,"3,957",911,236,244,220,370,238,588,384,297,188,281
2021년02월_남_60~69세,"4,648",762,293,279,364,386,272,747,481,348,323,393
2021년02월_남_70~79세,"2,543",421,148,126,182,220,178,419,248,210,171,220
2021년02월_남_80~89세,"1,197",189,90,75,101,79,66,182,121,101,64,129
2021년02월_남_90~99세,97,13,6,5,7,8,8,15,15,6,9,5
2021년02월_남_100세 이상,8,1,0,0,1,0,0,1,1,1,0,3
2021년02월_여_총인구수,"18,488","4,887","1,014",969,"1,138","1,538","1,087","2,482","1,696","1,340","1,003","1,334"
2021년02월_여_연령구간인구수,"18,488","4,887","1,014",969,"1,138","1,538","1,087","2,482","1,696","1,340","1,003","1,334"
2021년02월_여_0~9세,655,303,33,22,22,46,23,58,51,37,28,32
2021년02월_여_10~19세,968,433,60,28,41,64,56,95,61,56,29,45
2021년02월_여_20~29세,"1,203",532,55,45,50,108,59,91,78,80,49,56
2021년02월_여_30~39세,"1,066",460,47,31,41,82,56,109,81,67,42,50
2021년02월_여_40~49세,"1,637",680,65,76,79,123,79,168,120,108,60,79
2021년02월_여_50~59세,"3,338",776,182,195,211,296,201,483,307,236,190,261
2021년02월_여_60~69세,"4,167",790,245,243,295,326,261,653,435,299,274,346
2021년02월_여_70~79세,"2,891",541,166,168,203,261,166,451,275,250,167,243
2021년02월_여_80~89세,"2,188",331,136,137,164,208,155,309,244,183,132,189
2021년02월_여_90~99세,354,38,25,24,30,23,29,61,41,24,27,32
2021년02월_여_100세 이상,21,3,0,0,2,1,2,4,3,0,5,1
2021년03월_계_총인구수,"37,688","9,881","2,125","1,933","2,328","3,118","2,169","5,120","3,415","2,766","2,066","2,767"
2021년03월_계_연령구간인구수,"37,688","9,881","2,125","1,933","2,328","3,118","2,169","5,120","3,415","2,766","2,066","2,767"
2021년03월_계_0~9세,"1,291",597,64,49,44,77,44,117,95,76,56,72
2021년03월_계_10~19세,"1,993",906,124,60,87,133,96,198,124,105,59,101
2021년03월_계_20~29세,"2,891","1,220",125,108,128,223,140,262,203,215,119,148
2021년03월_계_30~39세,"2,396",963,119,77,109,194,123,230,176,151,123,131
2021년03월_계_40~49세,"3,795","1,455",169,152,194,301,189,384,287,266,169,229
2021년03월_계_50~59세,"7,197","1,666",420,427,418,664,427,"1,070",679,523,373,530
2021년03월_계_60~69세,"8,874","1,554",539,529,664,724,544,"1,414",917,652,598,739
2021년03월_계_70~79세,"5,403",953,311,290,382,480,348,863,519,460,336,461
2021년03월_계_80~89세,"3,384",515,220,213,263,288,221,503,358,287,196,320
2021년03월_계_90~99세,446,51,34,28,36,33,35,74,56,30,34,35
2021년03월_계_100세 이상,18,1,0,0,3,1,2,5,1,1,3,1
2021년03월_남_총인구수,"19,412","5,080","1,118",976,"1,209","1,581","1,098","2,649","1,752","1,429","1,070","1,450"
2021년03월_남_연령구간인구수,"19,412","5,080","1,118",976,"1,209","1,581","1,098","2,649","1,752","1,429","1,070","1,450"
2021년03월_남_0~9세,647,301,32,28,21,31,22,61,44,39,28,40
2021년03월_남_10~19세,"1,037",472,62,33,47,69,42,112,62,49,31,58
2021년03월_남_20~29세,"1,729",709,70,65,79,117,86,175,126,133,72,97
2021년03월_남_30~39세,"1,355",513,74,44,68,113,71,119,102,87,81,83
2021년03월_남_40~49세,"2,215",796,104,81,121,184,113,219,173,162,109,153
2021년03월_남_50~59세,"3,901",902,240,236,215,370,229,584,374,292,185,274
2021년03월_남_60~69세,"4,704",769,296,284,369,390,279,763,488,348,325,393
2021년03월_남_70~79세,"2,528",416,147,125,182,217,182,413,245,212,170,219
2021년03월_남_80~89세,"1,194",188,85,75,99,82,66,187,123,100,61,128
2021년03월_남_90~99세,97,13,8,5,7,8,8,15,15,6,8,4
2021년03월_남_100세 이상,5,1,0,0,1,0,0,1,0,1,0,1
2021년03월_여_총인구수,"18,276","4,801","1,007",957,"1,119","1,537","1,071","2,471","1,663","1,337",996,"1,317"
2021년03월_여_연령구간인구수,"18,276","4,801","1,007",957,"1,119","1,537","1,071","2,471","1,663","1,337",996,"1,317"
2021년03월_여_0~9세,644,296,32,21,23,46,22,56,51,37,28,32
2021년03월_여_10~19세,956,434,62,27,40,64,54,86,62,56,28,43
2021년03월_여_20~29세,"1,162",511,55,43,49,106,54,87,77,82,47,51
2021년03월_여_30~39세,"1,041",450,45,33,41,81,52,111,74,64,42,48
2021년03월_여_40~49세,"1,580",659,65,71,73,117,76,165,114,104,60,76
2021년03월_여_50~59세,"3,296",764,180,191,203,294,198,486,305,231,188,256
2021년03월_여_60~69세,"4,170",785,243,245,295,334,265,651,429,304,273,346
2021년03월_여_70~79세,"2,875",537,164,165,200,263,166,450,274,248,166,242
2021년03월_여_80~89세,"2,190",327,135,138,164,206,155,316,235,187,135,192
2021년03월_여_90~99세,349,38,26,23,29,25,27,59,41,24,26,31
2021년03월_여_100세 이상,13,0,0,0,2,1,2,4,1,0,3,0
2021년04월_계_총인구수,"37,567","9,837","2,112","1,934","2,320","3,127","2,165","5,124","3,372","2,763","2,060","2,753"
2021년04월_계_연령구간인구수,"37,567","9,837","2,112","1,934","2,320","3,127","2,165","5,124","3,372","2,763","2,060","2,753"
2021년04월_계_0~9세,"1,286",608,61,50,42,79,44,116,90,73,50,73
2021년04월_계_10~19세,"1,975",905,122,59,85,136,94,199,112,105,59,99
2021년04월_계_20~29세,"2,841","1,195",121,110,127,222,137,259,196,215,115,144
2021년04월_계_30~39세,"2,369",955,115,79,111,191,127,232,170,140,118,131
2021년04월_계_40~49세,"3,747","1,432",167,151,197,298,182,380,280,268,169,223
2021년04월_계_50~59세,"7,141","1,666",413,421,411,669,420,"1,057",665,518,373,528
2021년04월_계_60~69세,"8,948","1,552",548,532,665,729,552,"1,428",926,666,604,746
2021년04월_계_70~79세,"5,399",957,308,290,382,481,350,867,516,458,335,455
2021년04월_계_80~89세,"3,390",514,221,214,262,289,222,503,359,289,199,318
2021년04월_계_90~99세,453,52,36,28,35,32,35,78,57,30,35,35
2021년04월_계_100세 이상,18,1,0,0,3,1,2,5,1,1,3,1
2021년04월_남_총인구수,"19,330","5,048","1,111",979,"1,207","1,585","1,095","2,651","1,727","1,428","1,060","1,439"
2021년04월_남_연령구간인구수,"19,330","5,048","1,111",979,"1,207","1,585","1,095","2,651","1,727","1,428","1,060","1,439"
2021년04월_남_0~9세,642,307,31,28,18,33,22,60,42,36,24,41
2021년04월_남_10~19세,"1,027",470,60,32,47,71,41,114,55,51,30,56
2021년04월_남_20~29세,"1,692",689,69,67,79,116,84,172,120,134,68,94
2021년04월_남_30~39세,"1,347",511,73,45,70,110,73,123,99,82,79,82
2021년04월_남_40~49세,"2,178",778,103,80,123,182,108,216,171,163,105,149
2021년04월_남_50~59세,"3,885",907,235,233,214,371,229,575,369,290,188,274
2021년04월_남_60~69세,"4,739",767,300,288,366,397,281,774,489,355,329,393
2021년04월_남_70~79세,"2,517",419,144,125,182,215,181,415,245,208,167,216
2021년04월_남_80~89세,"1,203",187,88,76,100,83,68,185,123,102,62,129
2021년04월_남_90~99세,95,12,8,5,7,7,8,16,14,6,8,4
2021년04월_남_100세 이상,5,1,0,0,1,0,0,1,0,1,0,1
2021년04월_여_총인구수,"18,237","4,789","1,001",955,"1,113","1,542","1,070","2,473","1,645","1,335","1,000","1,314"
2021년04월_여_연령구간인구수,"18,237","4,789","1,001",955,"1,113","1,542","1,070","2,473","1,645","1,335","1,000","1,314"
2021년04월_여_0~9세,644,301,30,22,24,46,22,56,48,37,26,32
2021년04월_여_10~19세,948,435,62,27,38,65,53,85,57,54,29,43
2021년04월_여_20~29세,"1,149",506,52,43,48,106,53,87,76,81,47,50
2021년04월_여_30~39세,"1,022",444,42,34,41,81,54,109,71,58,39,49
2021년04월_여_40~49세,"1,569",654,64,71,74,116,74,164,109,105,64,74
2021년04월_여_50~59세,"3,256",759,178,188,197,298,191,482,296,228,185,254
2021년04월_여_60~69세,"4,209",785,248,244,299,332,271,654,437,311,275,353
2021년04월_여_70~79세,"2,882",538,164,165,200,266,169,452,271,250,168,239
2021년04월_여_80~89세,"2,187",327,133,138,162,206,154,318,236,187,137,189
2021년04월_여_90~99세,358,40,28,23,28,25,27,62,43,24,27,31
2021년04월_여_100세 이상,13,0,0,0,2,1,2,4,1,0,3,0
2021년05월_계_총인구수,"37,442","9,789","2,109","1,922","2,306","3,127","2,164","5,121","3,345","2,752","2,059","2,748"
2021년05월_계_연령구간인구수,"37,442","9,789","2,109","1,922","2,306","3,127","2,164","5,121","3,345","2,752","2,059","2,748"
2021년05월_계_0~9세,"1,280",614,58,48,42,80,45,115,85,73,48,72
2021년05월_계_10~19세,"1,957",892,124,58,81,133,94,201,112,105,58,99
2021년05월_계_20~29세,"2,795","1,180",121,106,127,225,132,251,190,210,114,139
2021년05월_계_30~39세,"2,353",958,109,77,107,193,127,231,171,136,116,128
2021년05월_계_40~49세,"3,711","1,422",171,152,194,298,183,375,269,262,167,218
2021년05월_계_50~59세,"7,088","1,654",417,409,407,661,417,"1,055",657,513,374,524
2021년05월_계_60~69세,"9,000","1,551",547,539,670,732,552,"1,442",929,671,608,759
2021년05월_계_70~79세,"5,368",946,309,290,378,478,350,854,514,461,336,452
2021년05월_계_80~89세,"3,415",520,217,216,266,293,227,511,359,289,198,319
2021년05월_계_90~99세,458,51,36,27,32,33,35,81,58,31,37,37
2021년05월_계_100세 이상,17,1,0,0,2,1,2,5,1,1,3,1
2021년05월_남_총인구수,"19,256","5,018","1,110",973,"1,200","1,582","1,099","2,655","1,711","1,419","1,059","1,430"
2021년05월_남_연령구간인구수,"19,256","5,018","1,110",973,"1,200","1,582","1,099","2,655","1,711","1,419","1,059","1,430"
2021년05월_남_0~9세,647,314,30,28,18,34,23,62,40,35,23,40
2021년05월_남_10~19세,"1,005",457,60,30,45,68,41,113,54,51,29,57
2021년05월_남_20~29세,"1,657",675,70,64,78,115,83,170,114,131,68,89
2021년05월_남_30~39세,"1,342",514,69,45,66,111,73,124,99,82,77,82
2021년05월_남_40~49세,"2,153",772,108,80,121,184,109,211,163,156,106,143
2021년05월_남_50~59세,"3,857",908,235,226,212,365,228,572,368,289,184,270
2021년05월_남_60~69세,"4,774",768,300,295,368,399,280,786,490,358,331,399
2021년05월_남_70~79세,"2,507",412,144,124,181,213,185,411,245,208,168,216
2021년05월_남_80~89세,"1,210",185,86,77,103,85,69,188,123,102,65,127
2021년05월_남_90~99세,99,12,8,4,7,8,8,17,15,6,8,6
2021년05월_남_100세 이상,5,1,0,0,1,0,0,1,0,1,0,1
2021년05월_여_총인구수,"18,186","4,771",999,949,"1,106","1,545","1,065","2,466","1,634","1,333","1,000","1,318"
2021년05월_여_연령구간인구수,"18,186","4,771",999,949,"1,106","1,545","1,065","2,466","1,634","1,333","1,000","1,318"
2021년05월_여_0~9세,633,300,28,20,24,46,22,53,45,38,25,32
2021년05월_여_10~19세,952,435,64,28,36,65,53,88,58,54,29,42
2021년05월_여_20~29세,"1,138",505,51,42,49,110,49,81,76,79,46,50
2021년05월_여_30~39세,"1,011",444,40,32,41,82,54,107,72,54,39,46
2021년05월_여_40~49세,"1,558",650,63,72,73,114,74,164,106,106,61,75
2021년05월_여_50~59세,"3,231",746,182,183,195,296,189,483,289,224,190,254
2021년05월_여_60~69세,"4,226",783,247,244,302,333,272,656,439,313,277,360
2021년05월_여_70~79세,"2,861",534,165,166,197,265,165,443,269,253,168,236
2021년05월_여_80~89세,"2,205",335,131,139,163,208,158,323,236,187,133,192
2021년05월_여_90~99세,359,39,28,23,25,25,27,64,43,25,29,31
2021년05월_여_100세 이상,12,0,0,0,1,1,2,4,1,0,3,0
2021년06월_계_총인구수,"37,337","9,770","2,092","1,916","2,285","3,110","2,167","5,108","3,348","2,751","2,060","2,730"
2021년06월_계_연령구간인구수,"37,337","9,770","2,092","1,916","2,285","3,110","2,167","5,108","3,348","2,751","2,060","2,730"
2021년06월_계_0~9세,"1,261",609,55,49,38,77,46,112,85,71,49,70
2021년06월_계_10~19세,"1,937",886,120,55,78,135,94,196,111,105,57,100
2021년06월_계_20~29세,"2,754","1,173",118,104,122,216,130,247,190,208,110,136
2021년06월_계_30~39세,"2,331",951,108,75,103,188,125,231,170,138,119,123
2021년06월_계_40~49세,"3,698","1,425",168,156,190,290,185,377,266,263,165,213
2021년06월_계_50~59세,"7,047","1,639",413,411,404,662,415,"1,045",663,506,375,514
2021년06월_계_60~69세,"9,052","1,571",548,538,671,737,557,"1,447",933,677,607,766
2021년06월_계_70~79세,"5,342",939,305,287,376,476,353,851,514,460,335,446
2021년06월_계_80~89세,"3,441",526,221,215,268,294,226,516,357,292,202,324
2021년06월_계_90~99세,456,49,36,26,33,34,34,81,58,30,38,37
2021년06월_계_100세 이상,18,2,0,0,2,1,2,5,1,1,3,1
2021년06월_남_총인구수,"19,187","5,006","1,098",970,"1,190","1,571","1,100","2,649","1,706","1,418","1,057","1,422"
2021년06월_남_연령구간인구수,"19,187","5,006","1,098",970,"1,190","1,571","1,100","2,649","1,706","1,418","1,057","1,422"
2021년06월_남_0~9세,638,312,29,28,17,32,22,60,40,37,22,39
2021년06월_남_10~19세,988,451,59,28,44,67,41,110,53,49,28,58
2021년06월_남_20~29세,"1,625",673,67,62,74,110,83,166,111,128,64,87
2021년06월_남_30~39세,"1,333",511,67,43,64,108,73,126,100,82,79,80
2021년06월_남_40~49세,"2,137",768,106,81,120,178,109,213,161,157,104,140
2021년06월_남_50~59세,"3,841",901,231,229,210,364,227,567,373,287,185,267
2021년06월_남_60~69세,"4,804",778,300,296,370,405,281,789,492,361,332,400
2021년06월_남_70~79세,"2,501",410,144,123,178,214,188,410,243,209,167,215
2021년06월_남_80~89세,"1,218",189,87,76,105,85,69,190,119,102,67,129
2021년06월_남_90~99세,97,12,8,4,7,8,7,17,14,5,9,6
2021년06월_남_100세 이상,5,1,0,0,1,0,0,1,0,1,0,1
2021년06월_여_총인구수,"18,150","4,764",994,946,"1,095","1,539","1,067","2,459","1,642","1,333","1,003","1,308"
2021년06월_여_연령구간인구수,"18,150","4,764",994,946,"1,095","1,539","1,067","2,459","1,642","1,333","1,003","1,308"
2021년06월_여_0~9세,623,297,26,21,21,45,24,52,45,34,27,31
2021년06월_여_10~19세,949,435,61,27,34,68,53,86,58,56,29,42
2021년06월_여_20~29세,"1,129",500,51,42,48,106,47,81,79,80,46,49
2021년06월_여_30~39세,998,440,41,32,39,80,52,105,70,56,40,43
2021년06월_여_40~49세,"1,561",657,62,75,70,112,76,164,105,106,61,73
2021년06월_여_50~59세,"3,206",738,182,182,194,298,188,478,290,219,190,247
2021년06월_여_60~69세,"4,248",793,248,242,301,332,276,658,441,316,275,366
2021년06월_여_70~79세,"2,841",529,161,164,198,262,165,441,271,251,168,231
2021년06월_여_80~89세,"2,223",337,134,139,163,209,157,326,238,190,135,195
2021년06월_여_90~99세,359,37,28,22,26,26,27,64,44,25,29,31
2021년06월_여_100세 이상,13,1,0,0,1,1,2,4,1,0,3,0
2021년07월_계_총인구수,"37,229","9,725","2,085","1,902","2,276","3,114","2,168","5,102","3,342","2,733","2,055","2,727"
2021년07월_계_연령구간인구수,"37,229","9,725","2,085","1,902","2,276","3,114","2,168","5,102","3,342","2,733","2,055","2,727"
2021년07월_계_0~9세,"1,250",597,59,50,37,79,47,112,84,67,49,69
2021년07월_계_10~19세,"1,913",871,118,56,76,135,94,194,108,106,54,101
2021년07월_계_20~29세,"2,717","1,154",115,103,121,213,131,249,188,199,107,137
2021년07월_계_30~39세,"2,290",938,108,72,101,184,124,224,166,136,116,121
2021년07월_계_40~49세,"3,668","1,419",165,154,183,290,184,376,264,259,163,211
2021년07월_계_50~59세,"7,024","1,653",405,402,403,652,419,"1,034",661,508,370,517
2021년07월_계_60~69세,"9,101","1,574",553,541,672,756,556,"1,462",937,673,612,765
2021년07월_계_70~79세,"5,342",941,302,284,377,472,353,853,514,461,340,445
2021년07월_계_80~89세,"3,453",526,224,214,271,298,225,515,360,293,203,324
2021년07월_계_90~99세,452,50,36,26,33,34,33,77,59,30,38,36
2021년07월_계_100세 이상,19,2,0,0,2,1,2,6,1,1,3,1
2021년07월_남_총인구수,"19,136","4,983","1,093",964,"1,180","1,573","1,100","2,655","1,705","1,408","1,054","1,421"
2021년07월_남_연령구간인구수,"19,136","4,983","1,093",964,"1,180","1,573","1,100","2,655","1,705","1,408","1,054","1,421"
2021년07월_남_0~9세,631,305,31,29,16,32,23,60,40,35,22,38
2021년07월_남_10~19세,976,442,58,29,43,67,40,108,53,49,28,59
2021년07월_남_20~29세,"1,604",661,66,62,72,111,85,168,111,119,61,88
2021년07월_남_30~39세,"1,311",505,66,41,62,104,72,126,98,82,77,78
2021년07월_남_40~49세,"2,124",766,105,80,115,176,111,215,160,156,102,138
2021년07월_남_50~59세,"3,828",908,227,224,209,360,225,561,371,289,184,270
2021년07월_남_60~69세,"4,836",783,302,298,372,417,283,796,494,359,333,399
2021년07월_남_70~79세,"2,498",409,142,120,178,211,188,413,244,210,169,214
2021년07월_남_80~89세,"1,227",191,88,77,105,87,67,190,120,103,69,130
2021년07월_남_90~99세,96,12,8,4,7,8,6,17,14,5,9,6
2021년07월_남_100세 이상,5,1,0,0,1,0,0,1,0,1,0,1
2021년07월_여_총인구수,"18,093","4,742",992,938,"1,096","1,541","1,068","2,447","1,637","1,325","1,001","1,306"
2021년07월_여_연령구간인구수,"18,093","4,742",992,938,"1,096","1,541","1,068","2,447","1,637","1,325","1,001","1,306"
2021년07월_여_0~9세,619,292,28,21,21,47,24,52,44,32,27,31
2021년07월_여_10~19세,937,429,60,27,33,68,54,86,55,57,26,42
2021년07월_여_20~29세,"1,113",493,49,41,49,102,46,81,77,80,46,49
2021년07월_여_30~39세,979,433,42,31,39,80,52,98,68,54,39,43
2021년07월_여_40~49세,"1,544",653,60,74,68,114,73,161,104,103,61,73
2021년07월_여_50~59세,"3,196",745,178,178,194,292,194,473,290,219,186,247
2021년07월_여_60~69세,"4,265",791,251,243,300,339,273,666,443,314,279,366
2021년07월_여_70~79세,"2,844",532,160,164,199,261,165,440,270,251,171,231
2021년07월_여_80~89세,"2,226",335,136,137,166,211,158,325,240,190,134,194
2021년07월_여_90~99세,356,38,28,22,26,26,27,60,45,25,29,30
2021년07월_여_100세 이상,14,1,0,0,1,1,2,5,1,0,3,0
2021년08월_계_총인구수,"37,101","9,705","2,089","1,906","2,253","3,114","2,142","5,101","3,327","2,720","2,050","2,694"
2021년08월_계_연령구간인구수,"37,101","9,705","2,089","1,906","2,253","3,114","2,142","5,101","3,327","2,720","2,050","2,694"
2021년08월_계_0~9세,"1,233",593,58,50,36,77,46,113,82,66,50,62
2021년08월_계_10~19세,"1,898",864,121,55,75,134,91,191,111,104,54,98
2021년08월_계_20~29세,"2,655","1,131",111,104,117,212,125,243,178,197,106,131
2021년08월_계_30~39세,"2,271",939,107,70,95,183,121,227,160,137,113,119
2021년08월_계_40~49세,"3,640","1,412",166,155,180,288,180,369,263,255,163,209
2021년08월_계_50~59세,"7,008","1,658",408,403,400,652,410,"1,044",655,504,366,508
2021년08월_계_60~69세,"9,137","1,588",554,545,672,763,553,"1,469",939,673,617,764
2021년08월_계_70~79세,"5,320",940,299,283,374,472,355,844,513,456,340,444
2021년08월_계_80~89세,"3,459",525,228,215,270,295,225,516,365,296,202,322
2021년08월_계_90~99세,462,53,37,26,32,37,34,79,60,31,36,37
2021년08월_계_100세 이상,18,2,0,0,2,1,2,6,1,1,3,0
2021년08월_남_총인구수,"19,060","4,961","1,096",967,"1,164","1,573","1,089","2,654","1,699","1,401","1,051","1,405"
2021년08월_남_연령구간인구수,"19,060","4,961","1,096",967,"1,164","1,573","1,089","2,654","1,699","1,401","1,051","1,405"
2021년08월_남_0~9세,623,306,29,28,15,30,23,59,39,36,23,35
2021년08월_남_10~19세,969,436,60,28,43,66,40,108,55,48,27,58
2021년08월_남_20~29세,"1,563",646,63,62,69,111,82,161,104,119,59,87
2021년08월_남_30~39세,"1,303",503,66,40,59,107,68,130,98,82,74,76
2021년08월_남_40~49세,"2,107",759,107,81,114,172,109,215,158,153,103,136
2021년08월_남_50~59세,"3,814",910,230,226,205,362,223,563,364,286,182,263
2021년08월_남_60~69세,"4,857",788,302,300,371,419,279,801,504,357,336,400
2021년08월_남_70~79세,"2,487",408,139,119,176,211,191,410,242,208,169,214
2021년08월_남_80~89세,"1,236",192,92,79,105,86,68,189,121,106,69,129
2021년08월_남_90~99세,97,12,8,4,6,9,6,17,14,5,9,7
2021년08월_남_100세 이상,4,1,0,0,1,0,0,1,0,1,0,0
2021년08월_여_총인구수,"18,041","4,744",993,939,"1,089","1,541","1,053","2,447","1,628","1,319",999,"1,289"
2021년08월_여_연령구간인구수,"18,041","4,744",993,939,"1,089","1,541","1,053","2,447","1,628","1,319",999,"1,289"
2021년08월_여_0~9세,610,287,29,22,21,47,23,54,43,30,27,27
2021년08월_여_10~19세,929,428,61,27,32,68,51,83,56,56,27,40
2021년08월_여_20~29세,"1,092",485,48,42,48,101,43,82,74,78,47,44
2021년08월_여_30~39세,968,436,41,30,36,76,53,97,62,55,39,43
2021년08월_여_40~49세,"1,533",653,59,74,66,116,71,154,105,102,60,73
2021년08월_여_50~59세,"3,194",748,178,177,195,290,187,481,291,218,184,245
2021년08월_여_60~69세,"4,280",800,252,245,301,344,274,668,435,316,281,364
2021년08월_여_70~79세,"2,833",532,160,164,198,261,164,434,271,248,171,230
2021년08월_여_80~89세,"2,223",333,136,136,165,209,157,327,244,190,133,193
2021년08월_여_90~99세,365,41,29,22,26,28,28,62,46,26,27,30
2021년08월_여_100세 이상,14,1,0,0,1,1,2,5,1,0,3,0
2021년09월_계_총인구수,"36,880","9,599","2,080","1,895","2,257","3,086","2,142","5,073","3,316","2,709","2,044","2,679"
2021년09월_계_연령구간인구수,"36,880","9,599","2,080","1,895","2,257","3,086","2,142","5,073","3,316","2,709","2,044","2,679"
2021년09월_계_0~9세,"1,225",581,58,49,38,77,51,110,79,69,50,63
2021년09월_계_10~19세,"1,871",847,117,57,74,127,91,190,114,102,56,96
2021년09월_계_20~29세,"2,538","1,083",107,96,112,201,118,233,170,194,101,123
2021년09월_계_30~39세,"2,232",930,106,69,98,180,118,217,153,136,113,112
2021년09월_계_40~49세,"3,610","1,393",168,151,180,280,184,371,261,254,162,206
2021년09월_계_50~59세,"6,996","1,652",406,404,405,653,409,"1,036",659,506,361,505
2021년09월_계_60~69세,"9,149","1,591",557,546,672,767,552,"1,473",939,663,617,772
2021년09월_계_70~79세,"5,306",937,295,281,372,467,359,842,517,456,342,438
2021년09월_계_80~89세,"3,470",531,230,216,271,293,224,515,364,295,202,329
2021년09월_계_90~99세,466,52,36,26,33,41,34,80,59,33,37,35
2021년09월_계_100세 이상,17,2,0,0,2,0,2,6,1,1,3,0
2021년09월_남_총인구수,"18,963","4,906","1,093",964,"1,165","1,561","1,090","2,641","1,696","1,396","1,052","1,399"
2021년09월_남_연령구간인구수,"18,963","4,906","1,093",964,"1,165","1,561","1,090","2,641","1,696","1,396","1,052","1,399"
2021년09월_남_0~9세,624,300,29,28,16,31,28,57,37,38,24,36
2021년09월_남_10~19세,952,425,57,29,42,61,40,108,57,48,28,57
2021년09월_남_20~29세,"1,509",624,61,60,68,107,77,158,100,115,56,83
2021년09월_남_30~39세,"1,281",496,66,38,61,107,69,125,94,80,74,71
2021년09월_남_40~49세,"2,083",745,108,80,112,164,108,216,160,153,103,134
2021년09월_남_50~59세,"3,807",910,229,226,207,364,222,557,364,287,180,261
2021년09월_남_60~69세,"4,876",792,306,302,371,419,279,802,508,353,337,407
2021년09월_남_70~79세,"2,491",406,137,117,177,212,193,412,240,210,173,214
2021년09월_남_80~89세,"1,234",196,92,80,104,85,68,187,122,104,67,129
2021년09월_남_90~99세,102,11,8,4,6,11,6,18,14,7,10,7
2021년09월_남_100세 이상,4,1,0,0,1,0,0,1,0,1,0,0
2021년09월_여_총인구수,"17,917","4,693",987,931,"1,092","1,525","1,052","2,432","1,620","1,313",992,"1,280"
2021년09월_여_연령구간인구수,"17,917","4,693",987,931,"1,092","1,525","1,052","2,432","1,620","1,313",992,"1,280"
2021년09월_여_0~9세,601,281,29,21,22,46,23,53,42,31,26,27
2021년09월_여_10~19세,919,422,60,28,32,66,51,82,57,54,28,39
2021년09월_여_20~29세,"1,029",459,46,36,44,94,41,75,70,79,45,40
2021년09월_여_30~39세,951,434,40,31,37,73,49,92,59,56,39,41
2021년09월_여_40~49세,"1,527",648,60,71,68,116,76,155,101,101,59,72
2021년09월_여_50~59세,"3,189",742,177,178,198,289,187,479,295,219,181,244
2021년09월_여_60~69세,"4,273",799,251,244,301,348,273,671,431,310,280,365
2021년09월_여_70~79세,"2,815",531,158,164,195,255,166,430,277,246,169,224
2021년09월_여_80~89세,"2,236",335,138,136,167,208,156,328,242,191,135,200
2021년09월_여_90~99세,364,41,28,22,27,30,28,62,45,26,27,28
2021년09월_여_100세 이상,13,1,0,0,1,0,2,5,1,0,3,0
2021년10월_계_총인구수,"36,843","9,596","2,075","1,884","2,261","3,080","2,135","5,083","3,305","2,700","2,048","2,676"
2021년10월_계_연령구간인구수,"36,843","9,596","2,075","1,884","2,261","3,080","2,135","5,083","3,305","2,700","2,048","2,676"
2021년10월_계_0~9세,"1,197",570,57,47,37,76,50,107,79,63,50,61
2021년10월_계_10~19세,"1,865",849,117,55,72,127,88,192,112,101,57,95
2021년10월_계_20~29세,"2,506","1,068",109,94,112,196,120,231,163,190,99,124
2021년10월_계_30~39세,"2,217",926,103,68,102,175,114,215,152,139,113,110
2021년10월_계_40~49세,"3,586","1,393",169,146,179,279,182,373,253,253,161,198
2021년10월_계_50~59세,"7,005","1,655",398,392,408,659,412,"1,034",670,501,367,509
2021년10월_계_60~69세,"9,212","1,612",566,555,675,765,549,"1,488",938,670,616,778
2021년10월_계_70~79세,"5,290",932,296,283,366,468,357,838,513,453,345,439
2021년10월_계_80~89세,"3,478",534,224,217,273,294,226,519,366,296,201,328
2021년10월_계_90~99세,471,55,36,27,35,41,35,80,58,33,37,34
2021년10월_계_100세 이상,16,2,0,0,2,0,2,6,1,1,2,0
2021년10월_남_총인구수,"18,952","4,906","1,088",963,"1,170","1,561","1,088","2,649","1,687","1,390","1,051","1,399"
2021년10월_남_연령구간인구수,"18,952","4,906","1,088",963,"1,170","1,561","1,088","2,649","1,687","1,390","1,051","1,399"
2021년10월_남_0~9세,609,294,28,27,15,31,28,56,36,35,24,35
2021년10월_남_10~19세,956,431,56,29,43,61,39,110,55,46,29,57
2021년10월_남_20~29세,"1,481",609,63,59,67,104,78,156,98,110,53,84
2021년10월_남_30~39세,"1,272",493,65,38,63,104,66,124,91,83,74,71
2021년10월_남_40~49세,"2,070",748,107,77,112,164,107,216,155,154,101,129
2021년10월_남_50~59세,"3,823",917,224,221,211,368,226,555,370,283,184,264
2021년10월_남_60~69세,"4,910",798,310,307,372,421,280,814,506,358,334,410
2021년10월_남_70~79세,"2,489",404,138,120,175,213,191,411,239,209,177,212
2021년10월_남_80~89세,"1,235",198,89,81,105,85,67,188,123,104,65,130
2021년10월_남_90~99세,103,13,8,4,6,10,6,18,14,7,10,7
2021년10월_남_100세 이상,4,1,0,0,1,0,0,1,0,1,0,0
2021년10월_여_총인구수,"17,891","4,690",987,921,"1,091","1,519","1,047","2,434","1,618","1,310",997,"1,277"
2021년10월_여_연령구간인구수,"17,891","4,690",987,921,"1,091","1,519","1,047","2,434","1,618","1,310",997,"1,277"
2021년10월_여_0~9세,588,276,29,20,22,45,22,51,43,28,26,26
2021년10월_여_10~19세,909,418,61,26,29,66,49,82,57,55,28,38
2021년10월_여_20~29세,"1,025",459,46,35,45,92,42,75,65,80,46,40
2021년10월_여_30~39세,945,433,38,30,39,71,48,91,61,56,39,39
2021년10월_여_40~49세,"1,516",645,62,69,67,115,75,157,98,99,60,69
2021년10월_여_50~59세,"3,182",738,174,171,197,291,186,479,300,218,183,245
2021년10월_여_60~69세,"4,302",814,256,248,303,344,269,674,432,312,282,368
2021년10월_여_70~79세,"2,801",528,158,163,191,255,166,427,274,244,168,227
2021년10월_여_80~89세,"2,243",336,135,136,168,209,159,331,243,192,136,198
2021년10월_여_90~99세,368,42,28,23,29,31,29,62,44,26,27,27
2021년10월_여_100세 이상,12,1,0,0,1,0,2,5,1,0,2,0
2021년11월_계_총인구수,"36,887","9,595","2,072","1,901","2,263","3,074","2,164","5,092","3,311","2,699","2,039","2,677"
2021년11월_계_연령구간인구수,"36,887","9,595","2,072","1,901","2,263","3,074","2,164","5,092","3,311","2,699","2,039","2,677"
2021년11월_계_0~9세,"1,187",561,54,46,36,74,50,106,80,66,52,62
2021년11월_계_10~19세,"1,867",844,115,58,74,126,94,192,112,100,58,94
2021년11월_계_20~29세,"2,532","1,074",109,97,117,197,125,231,172,187,95,128
2021년11월_계_30~39세,"2,196",921,96,66,98,174,116,217,152,141,108,107
2021년11월_계_40~49세,"3,577","1,391",169,148,176,277,186,369,247,249,164,201
2021년11월_계_50~59세,"7,025","1,673",398,400,412,656,411,"1,034",674,503,360,504
2021년11월_계_60~69세,"9,249","1,615",571,559,676,766,558,"1,498",943,667,620,776
2021년11월_계_70~79세,"5,301",927,296,285,365,470,359,838,513,456,346,446
2021년11월_계_80~89세,"3,459",532,226,214,270,293,225,521,361,295,199,323
2021년11월_계_90~99세,479,56,38,28,37,41,38,80,56,34,35,36
2021년11월_계_100세 이상,15,1,0,0,2,0,2,6,1,1,2,0
2021년11월_남_총인구수,"18,957","4,900","1,083",973,"1,173","1,556","1,105","2,651","1,684","1,386","1,053","1,393"
2021년11월_남_연령구간인구수,"18,957","4,900","1,083",973,"1,173","1,556","1,105","2,651","1,684","1,386","1,053","1,393"
2021년11월_남_0~9세,599,285,25,27,14,31,28,56,36,36,25,36
2021년11월_남_10~19세,959,429,57,29,44,60,43,110,54,45,31,57
2021년11월_남_20~29세,"1,483",607,63,60,70,102,82,156,100,110,51,82
2021년11월_남_30~39세,"1,253",491,60,36,61,104,64,124,91,83,71,68
2021년11월_남_40~49세,"2,065",750,106,79,110,165,109,212,150,152,103,129
2021년11월_남_50~59세,"3,842",929,223,227,212,368,226,555,373,285,182,262
2021년11월_남_60~69세,"4,929",801,314,310,375,418,287,818,509,355,335,407
2021년11월_남_70~79세,"2,498",399,139,121,176,215,191,415,237,207,181,217
2021년11월_남_80~89세,"1,223",197,88,80,103,84,68,186,121,105,64,127
2021년11월_남_90~99세,103,12,8,4,7,9,7,18,13,7,10,8
2021년11월_남_100세 이상,3,0,0,0,1,0,0,1,0,1,0,0
2021년11월_여_총인구수,"17,930","4,695",989,928,"1,090","1,518","1,059","2,441","1,627","1,313",986,"1,284"
2021년11월_여_연령구간인구수,"17,930","4,695",989,928,"1,090","1,518","1,059","2,441","1,627","1,313",986,"1,284"
2021년11월_여_0~9세,588,276,29,19,22,43,22,50,44,30,27,26
2021년11월_여_10~19세,908,415,58,29,30,66,51,82,58,55,27,37
2021년11월_여_20~29세,"1,049",467,46,37,47,95,43,75,72,77,44,46
2021년11월_여_30~39세,943,430,36,30,37,70,52,93,61,58,37,39
2021년11월_여_40~49세,"1,512",641,63,69,66,112,77,157,97,97,61,72
2021년11월_여_50~59세,"3,183",744,175,173,200,288,185,479,301,218,178,242
2021년11월_여_60~69세,"4,320",814,257,249,301,348,271,680,434,312,285,369
2021년11월_여_70~79세,"2,803",528,157,164,189,255,168,423,276,249,165,229
2021년11월_여_80~89세,"2,236",335,138,134,167,209,157,335,240,190,135,196
2021년11월_여_90~99세,376,44,30,24,30,32,31,62,43,27,25,28
2021년11월_여_100세 이상,12,1,0,0,1,0,2,5,1,0,2,0
2021년12월_계_총인구수,"38,122","9,753","2,196","1,955","2,428","3,177","2,246","5,211","3,436","2,805","2,105","2,810"
2021년12월_계_연령구간인구수,"38,122","9,753","2,196","1,955","2,428","3,177","2,246","5,211","3,436","2,805","2,105","2,810"
2021년12월_계_0~9세,"1,248",561,73,52,38,73,56,109,90,80,54,62
2021년12월_계_10~19세,"1,942",842,125,62,86,135,100,202,123,104,60,103
2021년12월_계_20~29세,"2,757","1,125",122,101,149,214,143,239,186,208,109,161
2021년12월_계_30~39세,"2,291",923,111,71,117,189,118,222,157,152,117,114
2021년12월_계_40~49세,"3,756","1,418",181,159,206,291,194,382,268,268,171,218
2021년12월_계_50~59세,"7,313","1,724",408,416,445,680,430,"1,060",707,519,377,547
2021년12월_계_60~69세,"9,494","1,635",607,565,704,788,576,"1,544",967,685,629,794
2021년12월_계_70~79세,"5,345",927,304,287,372,474,361,844,518,453,352,453
2021년12월_계_80~89세,"3,477",537,228,214,270,292,229,522,363,300,198,324
2021년12월_계_90~99세,484,60,37,28,40,41,37,80,56,35,36,34
2021년12월_계_100세 이상,15,1,0,0,1,0,2,7,1,1,2,0
2021년12월_남_총인구수,"19,612","4,993","1,150",994,"1,252","1,600","1,155","2,711","1,757","1,439","1,093","1,468"
2021년12월_남_연령구간인구수,"19,612","4,993","1,150",994,"1,252","1,600","1,155","2,711","1,757","1,439","1,093","1,468"
2021년12월_남_0~9세,627,285,37,28,16,27,33,57,40,44,24,36
2021년12월_남_10~19세,994,426,59,32,46,65,49,114,62,48,31,62
2021년12월_남_20~29세,"1,616",643,70,60,85,111,90,160,111,122,61,103
2021년12월_남_30~39세,"1,305",492,66,39,74,110,67,131,90,85,78,73
2021년12월_남_40~49세,"2,161",771,115,85,125,171,112,220,160,160,107,135
2021년12월_남_50~59세,"3,982",944,230,235,228,377,242,562,391,297,190,286
2021년12월_남_60~69세,"5,056",815,331,310,389,431,294,839,526,361,340,420
2021년12월_남_70~79세,"2,532",405,147,120,179,217,192,417,241,207,187,220
2021년12월_남_80~89세,"1,231",201,88,82,101,82,69,190,123,106,64,125
2021년12월_남_90~99세,105,11,7,3,8,9,7,20,13,8,11,8
2021년12월_남_100세 이상,3,0,0,0,1,0,0,1,0,1,0,0
2021년12월_여_총인구수,"18,510","4,760","1,046",961,"1,176","1,577","1,091","2,500","1,679","1,366","1,012","1,342"
2021년12월_여_연령구간인구수,"18,510","4,760","1,046",961,"1,176","1,577","1,091","2,500","1,679","1,366","1,012","1,342"
2021년12월_여_0~9세,621,276,36,24,22,46,23,52,50,36,30,26
2021년12월_여_10~19세,948,416,66,30,40,70,51,88,61,56,29,41
2021년12월_여_20~29세,"1,141",482,52,41,64,103,53,79,75,86,48,58
2021년12월_여_30~39세,986,431,45,32,43,79,51,91,67,67,39,41
2021년12월_여_40~49세,"1,595",647,66,74,81,120,82,162,108,108,64,83
2021년12월_여_50~59세,"3,331",780,178,181,217,303,188,498,316,222,187,261
2021년12월_여_60~69세,"4,438",820,276,255,315,357,282,705,441,324,289,374
2021년12월_여_70~79세,"2,813",522,157,167,193,257,169,427,277,246,165,233
2021년12월_여_80~89세,"2,246",336,140,132,169,210,160,332,240,194,134,199
2021년12월_여_90~99세,379,49,30,25,32,32,30,60,43,27,25,26
2021년12월_여_100세 이상,12,1,0,0,0,0,2,6,1,0,2,0
